cline,rep,group,Exp,dose,ncells,ncolonies
GBM1a,1,CTRL,r01,0,200,41
GBM1a,1,CTRL,r02,0,200,49
GBM1a,1,CTRL,r03,0,200,41
GBM1a,1,CTRL,r04,0,200,43
GBM1a,1,CTRL,r05,0,200,47
GBM1a,1,CTRL,r06,0,200,57
GBM1a,1,CTRL,r01,2,200,2
GBM1a,1,CTRL,r03,2,200,8
GBM1a,1,CTRL,r05,2,200,6
GBM1a,1,CTRL,r01,4,400,6
GBM1a,1,CTRL,r03,4,400,7
GBM1a,1,CTRL,r04,4,400,14
GBM1a,1,CTRL,r05,4,400,12
GBM1a,1,CTRL,r06,4,400,8
GBM1a,1,CTRL,r01,6,600,2
GBM1a,1,CTRL,r02,6,600,1
GBM1a,1,CTRL,r05,6,600,4
GBM1a,1,CTRL,r06,6,600,1
GBM1a,1,FBS,r01,0,200,56
GBM1a,1,FBS,r02,0,200,51
GBM1a,1,FBS,r04,0,200,49
GBM1a,1,FBS,r05,0,200,54
GBM1a,1,FBS,r01,2,200,11
GBM1a,1,FBS,r02,2,200,6
GBM1a,1,FBS,r03,2,200,11
GBM1a,1,FBS,r04,2,200,8
GBM1a,1,FBS,r05,2,200,13
GBM1a,1,FBS,r06,2,200,11
GBM1a,1,FBS,r01,4,400,8
GBM1a,1,FBS,r02,4,400,15
GBM1a,1,FBS,r03,4,400,7
GBM1a,1,FBS,r04,4,400,12
GBM1a,1,FBS,r06,4,400,8
GBM1a,1,FBS,r01,6,600,1
GBM1a,1,FBS,r03,6,600,1
GBM1a,1,FBS,r04,6,600,1
GBM1a,1,FBS,r05,6,600,1
GBM1a,1,FBS,r06,6,600,3
GBM1a,1,MSC-EV,r01,0,200,51
GBM1a,1,MSC-EV,r02,0,200,54
GBM1a,1,MSC-EV,r04,0,200,67
GBM1a,1,MSC-EV,r05,0,200,54
GBM1a,1,MSC-EV,r06,0,200,59
GBM1a,1,MSC-EV,r04,2,200,12
GBM1a,1,MSC-EV,r06,2,200,16
GBM1a,1,MSC-EV,r01,4,400,6
GBM1a,1,MSC-EV,r03,4,400,8
GBM1a,1,MSC-EV,r04,4,400,8
GBM1a,1,MSC-EV,r05,4,400,7
GBM1a,1,MSC-EV,r06,4,400,5
GBM1a,1,MSC-EV,r01,6,600,1
GBM1a,1,MSC-EV,r03,6,600,2
GBM1a,1,MSC-EV,r06,6,600,1
GBM1a,1,BMP4,r01,0,200,61
GBM1a,1,BMP4,r02,0,200,59
GBM1a,1,BMP4,r03,0,200,62
GBM1a,1,BMP4,r04,0,200,71
GBM1a,1,BMP4,r05,0,200,73
GBM1a,1,BMP4,r06,0,200,59
GBM1a,1,BMP4,r02,2,200,15
GBM1a,1,BMP4,r03,2,200,23
GBM1a,1,BMP4,r06,2,200,16
GBM1a,1,BMP4,r02,4,400,6
GBM1a,1,BMP4,r04,4,400,6
GBM1a,1,BMP4,r03,6,600,1
GBM1a,1,BMP4,r05,6,600,1
GBM1a,1,BMP4,r06,6,600,2
GBM1a,1,MSC-BMP4,r01,0,200,57
GBM1a,1,MSC-BMP4,r03,0,200,71
GBM1a,1,MSC-BMP4,r04,0,200,57
GBM1a,1,MSC-BMP4,r05,0,200,65
GBM1a,1,MSC-BMP4,r06,0,200,64
GBM1a,1,MSC-BMP4,r02,2,200,17
GBM1a,1,MSC-BMP4,r03,2,200,11
GBM1a,1,MSC-BMP4,r04,2,200,15
GBM1a,1,MSC-BMP4,r05,2,200,14
GBM1a,1,MSC-BMP4,r06,2,200,16
GBM1a,1,MSC-BMP4,r01,4,400,8
GBM1a,1,MSC-BMP4,r04,4,400,7
GBM1a,1,MSC-BMP4,r05,4,400,7
GBM1a,1,MSC-BMP4,r06,4,400,6
GBM1a,2,BMP4,r02,0,200,22
GBM1a,2,BMP4,r03,0,200,26
GBM1a,2,BMP4,r04,0,200,34
GBM1a,2,BMP4,r05,0,200,34
GBM1a,2,BMP4,r01,2,200,12
GBM1a,2,BMP4,r04,2,200,12
GBM1a,2,BMP4,r06,2,200,8
GBM1a,2,BMP4,r02,6,800,1
GBM1a,2,BMP4,r02,4,400,1
GBM1a,2,BMP4,r03,4,400,1
GBM1a,2,BMP4,r04,4,400,1
GBM1a,2,CTRL,r03,0,200,72
GBM1a,2,CTRL,r01,2,200,47
GBM1a,2,CTRL,r02,2,200,31
GBM1a,2,CTRL,r03,2,200,36
GBM1a,2,CTRL,r04,2,200,42
GBM1a,2,CTRL,r05,2,200,39
GBM1a,2,CTRL,r01,6,800,8
GBM1a,2,CTRL,r02,6,800,7
GBM1a,2,CTRL,r03,6,800,2
GBM1a,2,CTRL,r04,6,800,5
GBM1a,2,CTRL,r05,6,800,2
GBM1a,2,CTRL,r06,6,800,2
GBM1a,2,CTRL,r01,4,400,16
GBM1a,2,CTRL,r02,4,400,11
GBM1a,2,CTRL,r04,4,400,16
GBM1a,2,CTRL,r05,4,400,14
GBM1a,2,CTRL,r06,4,400,15
GBM1a,2,MSC-EV,r01,0,200,46
GBM1a,2,MSC-EV,r02,0,200,43
GBM1a,2,MSC-EV,r03,0,200,52
GBM1a,2,MSC-EV,r04,0,200,35
GBM1a,2,MSC-EV,r05,0,200,44
GBM1a,2,MSC-EV,r01,2,200,18
GBM1a,2,MSC-EV,r03,2,200,15
GBM1a,2,MSC-EV,r04,2,200,14
GBM1a,2,MSC-EV,r05,2,200,17
GBM1a,2,MSC-EV,r02,6,800,1
GBM1a,2,MSC-EV,r03,6,800,1
GBM1a,2,MSC-EV,r05,6,800,1
GBM1a,2,MSC-EV,r01,4,400,7
GBM1a,2,MSC-EV,r02,4,400,4
GBM1a,2,MSC-EV,r03,4,400,5
GBM1a,2,MSC-EV,r04,4,400,3
GBM1a,2,MSC-EV,r05,4,400,1
GBM1a,2,MSC-EV,r06,4,400,1
GBM1a,2,FBS,r01,0,200,32
GBM1a,2,FBS,r02,0,200,38
GBM1a,2,FBS,r03,0,200,36
GBM1a,2,FBS,r05,0,200,31
GBM1a,2,FBS,r06,0,200,43
GBM1a,2,FBS,r01,2,200,27
GBM1a,2,FBS,r02,2,200,21
GBM1a,2,FBS,r03,2,200,11
GBM1a,2,FBS,r04,2,200,25
GBM1a,2,FBS,r05,2,200,19
GBM1a,2,FBS,r06,2,200,13
GBM1a,2,FBS,r01,6,800,1
GBM1a,2,FBS,r02,6,800,2
GBM1a,2,FBS,r03,6,800,3
GBM1a,2,FBS,r04,6,800,3
GBM1a,2,FBS,r05,6,800,3
GBM1a,2,FBS,r01,4,400,9
GBM1a,2,FBS,r02,4,400,5
GBM1a,2,FBS,r03,4,400,6
GBM1a,2,FBS,r04,4,400,8
GBM1a,2,FBS,r05,4,400,9
GBM1a,2,FBS,r06,4,400,6
GBM1a,2,MSC-BMP4,r01,0,200,27
GBM1a,2,MSC-BMP4,r02,0,200,26
GBM1a,2,MSC-BMP4,r04,0,200,21
GBM1a,2,MSC-BMP4,r01,2,200,9
GBM1a,2,MSC-BMP4,r04,2,200,6
GBM1a,2,MSC-BMP4,r05,2,200,6
GBM1a,2,MSC-BMP4,r06,2,200,6
GBM1a,2,MSC-BMP4,r04,4,400,1
GBM965,2,CTRL,r01,0,250,16
GBM965,2,FBS,r01,0,250,14
GBM965,2,MSC-EV,r01,0,250,16
GBM965,2,MSC-BMP4,r01,0,250,1
GBM965,2,MSC-BMP4,r02,0,250,2
GBM965,2,BMP4,r02,0,250,1
GBM965,2,MSC-EV,r02,0,250,19
GBM965,2,CTRL,r02,0,250,12
GBM965,2,CTRL,r03,0,250,13
GBM965,2,FBS,r03,0,250,12
GBM965,2,MSC-EV,r03,0,250,12
GBM965,2,MSC-BMP4,r03,0,250,3
GBM965,2,BMP4,r04,0,250,1
GBM965,2,FBS,r04,0,250,15
GBM965,2,CTRL,r04,0,250,13
GBM965,2,CTRL,r05,0,250,21
GBM965,2,FBS,r05,0,250,11
GBM965,2,MSC-EV,r05,0,250,15
GBM965,2,BMP4,r05,0,250,2
GBM965,2,BMP4,r06,0,250,2
GBM965,2,MSC-EV,r06,0,250,13
GBM965,2,CTRL,r06,0,250,11
GBM965,2,FBS,r01,2,250,7
GBM965,2,BMP4,r01,2,250,1
GBM965,2,MSC-BMP4,r01,2,250,1
GBM965,2,MSC-BMP4,r02,2,250,1
GBM965,2,MSC-EV,r02,2,250,12
GBM965,2,FBS,r02,2,250,3
GBM965,2,CTRL,r02,2,250,13
GBM965,2,CTRL,r03,2,250,15
GBM965,2,FBS,r03,2,250,9
GBM965,2,MSC-EV,r03,2,250,13
GBM965,2,BMP4,r03,2,250,7
GBM965,2,MSC-EV,r04,2,250,16
GBM965,2,FBS,r04,2,250,6
GBM965,2,CTRL,r04,2,250,11
GBM965,2,CTRL,r05,2,250,8
GBM965,2,FBS,r05,2,250,7
GBM965,2,MSC-EV,r05,2,250,12
GBM965,2,MSC-BMP4,r05,2,250,2
GBM965,2,MSC-EV,r06,2,250,13
GBM965,2,FBS,r06,2,250,8
GBM965,2,CTRL,r06,2,250,14
GBM965,2,CTRL,r01,4,500,6
GBM965,2,FBS,r01,4,500,5
GBM965,2,MSC-EV,r01,4,500,11
GBM965,2,MSC-EV,r02,4,500,9
GBM965,2,FBS,r02,4,500,3
GBM965,2,CTRL,r02,4,500,9
GBM965,2,CTRL,r03,4,500,9
GBM965,2,FBS,r03,4,500,7
GBM965,2,MSC-EV,r03,4,500,5
GBM965,2,MSC-EV,r04,4,500,6
GBM965,2,FBS,r04,4,500,2
GBM965,2,CTRL,r05,4,500,6
GBM965,2,FBS,r05,4,500,5
GBM965,2,MSC-EV,r05,4,500,12
GBM965,2,BMP4,r06,4,500,1
GBM965,2,MSC-EV,r06,4,500,9
GBM965,2,FBS,r06,4,500,7
GBM965,2,CTRL,r06,4,500,6
GBM965,2,CTRL,r01,6,1000,7
GBM965,2,FBS,r01,6,1000,11
GBM965,2,MSC-EV,r01,6,1000,8
GBM965,2,BMP4,r01,6,1000,1
GBM965,2,MSC-BMP4,r01,6,1000,1
GBM965,2,MSC-BMP4,r02,6,1000,1
GBM965,2,BMP4,r02,6,1000,1
GBM965,2,MSC-EV,r02,6,1000,9
GBM965,2,FBS,r02,6,1000,6
GBM965,2,CTRL,r02,6,1000,7
GBM965,2,CTRL,r03,6,1000,8
GBM965,2,FBS,r03,6,1000,8
GBM965,2,MSC-EV,r03,6,1000,11
GBM965,2,MSC-BMP4,r03,6,1000,1
GBM965,2,BMP4,r04,6,1000,1
GBM965,2,MSC-EV,r04,6,1000,12
GBM965,2,CTRL,r04,6,1000,7
GBM965,2,FBS,r05,6,1000,7
GBM965,2,MSC-EV,r05,6,1000,13
GBM965,2,MSC-EV,r06,6,1000,12
GBM965,2,FBS,r06,6,1000,9
GBM1a,3,BMP4,r01,0,250,18
GBM1a,3,BMP4,r02,0,250,15
GBM1a,3,BMP4,r03,0,250,16
GBM1a,3,BMP4,r04,0,250,19
GBM1a,3,BMP4,r05,0,250,12
GBM1a,3,BMP4,r01,2,500,16
GBM1a,3,BMP4,r02,2,500,11
GBM1a,3,BMP4,r04,2,500,16
GBM1a,3,BMP4,r05,2,500,12
GBM1a,3,BMP4,r06,2,500,8
GBM1a,3,BMP4,r01,4,1000,3
GBM1a,3,BMP4,r02,4,1000,3
GBM1a,3,BMP4,r03,4,1000,5
GBM1a,3,BMP4,r04,4,1000,6
GBM1a,3,BMP4,r05,4,1000,2
GBM1a,3,BMP4,r06,4,1000,6
GBM1a,3,BMP4,r02,6,2000,1
GBM1a,3,BMP4,r03,6,2000,1
GBM1a,3,BMP4,r04,6,2000,1
GBM1a,3,BMP4,r06,6,2000,1
GBM1a,3,CTRL,r01,0,250,29
GBM1a,3,CTRL,r02,0,250,27
GBM1a,3,CTRL,r03,0,250,24
GBM1a,3,CTRL,r04,0,250,24
GBM1a,3,CTRL,r05,0,250,18
GBM1a,3,CTRL,r01,2,500,23
GBM1a,3,CTRL,r02,2,500,21
GBM1a,3,CTRL,r04,2,500,25
GBM1a,3,CTRL,r05,2,500,28
GBM1a,3,CTRL,r06,2,500,22
GBM1a,3,CTRL,r01,4,1000,23
GBM1a,3,CTRL,r02,4,1000,8
GBM1a,3,CTRL,r03,4,1000,9
GBM1a,3,CTRL,r04,4,1000,12
GBM1a,3,CTRL,r05,4,1000,9
GBM1a,3,CTRL,r06,4,1000,6
GBM1a,3,CTRL,r01,6,2000,3
GBM1a,3,CTRL,r02,6,2000,7
GBM1a,3,CTRL,r03,6,2000,6
GBM1a,3,CTRL,r04,6,2000,5
GBM1a,3,CTRL,r05,6,2000,2
GBM1a,3,CTRL,r06,6,2000,6
GBM1a,3,MSC-EV,r01,0,250,52
GBM1a,3,MSC-EV,r02,0,250,46
GBM1a,3,MSC-EV,r03,0,250,42
GBM1a,3,MSC-EV,r04,0,250,52
GBM1a,3,MSC-EV,r05,0,250,43
GBM1a,3,MSC-EV,r01,2,500,46
GBM1a,3,MSC-EV,r02,2,500,45
GBM1a,3,MSC-EV,r03,2,500,36
GBM1a,3,MSC-EV,r04,2,500,48
GBM1a,3,MSC-EV,r05,2,500,45
GBM1a,3,MSC-EV,r02,4,1000,22
GBM1a,3,MSC-EV,r04,4,1000,22
GBM1a,3,MSC-EV,r05,4,1000,16
GBM1a,3,MSC-EV,r06,4,1000,11
GBM1a,3,MSC-EV,r02,6,2000,6
GBM1a,3,MSC-EV,r03,6,2000,5
GBM1a,3,MSC-EV,r04,6,2000,9
GBM1a,3,MSC-EV,r05,6,2000,7
GBM1a,3,FBS,r01,0,250,19
GBM1a,3,FBS,r02,0,250,24
GBM1a,3,FBS,r03,0,250,18
GBM1a,3,FBS,r05,0,250,25
GBM1a,3,FBS,r01,2,500,22
GBM1a,3,FBS,r02,2,500,22
GBM1a,3,FBS,r03,2,500,23
GBM1a,3,FBS,r04,2,500,21
GBM1a,3,FBS,r05,2,500,22
GBM1a,3,FBS,r01,4,1000,16
GBM1a,3,FBS,r02,4,1000,15
GBM1a,3,FBS,r03,4,1000,12
GBM1a,3,FBS,r04,4,1000,15
GBM1a,3,FBS,r06,4,1000,16
GBM1a,3,FBS,r02,6,2000,9
GBM1a,3,FBS,r03,6,2000,4
GBM1a,3,FBS,r04,6,2000,2
GBM1a,3,FBS,r05,6,2000,2
GBM1a,3,FBS,r06,6,2000,8
GBM1a,3,MSC-BMP4,r01,0,250,9
GBM1a,3,MSC-BMP4,r02,0,250,17
GBM1a,3,MSC-BMP4,r05,0,250,11
GBM1a,3,MSC-BMP4,r06,0,250,8
GBM1a,3,MSC-BMP4,r03,2,500,13
GBM1a,3,MSC-BMP4,r04,2,500,13
GBM1a,3,MSC-BMP4,r05,2,500,15
GBM1a,3,MSC-BMP4,r06,2,500,11
GBM1a,3,MSC-BMP4,r02,4,1000,5
GBM1a,3,MSC-BMP4,r03,4,1000,2
GBM1a,3,MSC-BMP4,r04,4,1000,1
GBM1a,3,MSC-BMP4,r05,4,1000,2
GBM1a,3,MSC-BMP4,r06,4,1000,1
GBM1a,3,MSC-BMP4,r01,6,2000,1
GBM1a,3,MSC-BMP4,r02,6,2000,1
GBM1a,3,MSC-BMP4,r03,6,2000,1
GBM1a,3,MSC-BMP4,r04,6,2000,1
GBM1a,3,MSC-BMP4,r05,6,2000,2
GBM1a,10,CTRL,r01,0,200,67
GBM1a,10,FBS,r01,0,200,44
GBM1a,10,MSC-EV,r01,0,200,45
GBM1a,10,BMP4,r01,0,200,44
GBM1a,10,MSC-BMP4,r01,0,200,21
GBM1a,10,MSC-BMP4,r02,0,200,34
GBM1a,10,BMP4,r02,0,200,53
GBM1a,10,MSC-EV,r02,0,200,59
GBM1a,10,FBS,r02,0,200,52
GBM1a,10,CTRL,r02,0,200,68
GBM1a,10,CTRL,r03,0,200,54
GBM1a,10,FBS,r03,0,200,62
GBM1a,10,MSC-EV,r03,0,200,59
GBM1a,10,BMP4,r03,0,200,54
GBM1a,10,MSC-BMP4,r03,0,200,25
GBM1a,10,MSC-BMP4,r04,0,200,22
GBM1a,10,MSC-EV,r04,0,200,71
GBM1a,10,FBS,r04,0,200,48
GBM1a,10,CTRL,r04,0,200,58
GBM1a,10,CTRL,r05,0,200,72
GBM1a,10,FBS,r05,0,200,56
GBM1a,10,MSC-EV,r05,0,200,77
GBM1a,10,BMP4,r05,0,200,47
GBM1a,10,MSC-BMP4,r05,0,200,38
GBM1a,10,MSC-BMP4,r06,0,200,34
GBM1a,10,BMP4,r06,0,200,48
GBM1a,10,MSC-EV,r06,0,200,58
GBM1a,10,FBS,r06,0,200,53
GBM1a,10,CTRL,r06,0,200,65
GBM1a,10,CTRL,r01,2,200,29
GBM1a,10,FBS,r01,2,200,44
GBM1a,10,MSC-EV,r01,2,200,41
GBM1a,10,BMP4,r01,2,200,31
GBM1a,10,MSC-BMP4,r02,2,200,13
GBM1a,10,BMP4,r02,2,200,28
GBM1a,10,MSC-EV,r02,2,200,33
GBM1a,10,FBS,r02,2,200,37
GBM1a,10,CTRL,r02,2,200,28
GBM1a,10,CTRL,r03,2,200,31
GBM1a,10,FBS,r03,2,200,33
GBM1a,10,MSC-EV,r03,2,200,48
GBM1a,10,MSC-BMP4,r04,2,200,28
GBM1a,10,BMP4,r04,2,200,37
GBM1a,10,MSC-EV,r04,2,200,44
GBM1a,10,FBS,r04,2,200,41
GBM1a,10,CTRL,r04,2,200,34
GBM1a,10,CTRL,r05,2,200,46
GBM1a,10,FBS,r05,2,200,39
GBM1a,10,MSC-EV,r05,2,200,39
GBM1a,10,BMP4,r05,2,200,32
GBM1a,10,MSC-BMP4,r05,2,200,21
GBM1a,10,MSC-BMP4,r06,2,200,14
GBM1a,10,BMP4,r06,2,200,33
GBM1a,10,MSC-EV,r06,2,200,38
GBM1a,10,FBS,r06,2,200,53
GBM1a,10,CTRL,r06,2,200,36
GBM1a,11,CTRL,r01,0,200,29
GBM1a,11,FBS,r01,0,200,44
GBM1a,11,MSC-EV,r01,0,200,41
GBM1a,11,BMP4,r01,0,200,31
GBM1a,11,MSC-BMP4,r02,0,200,13
GBM1a,11,BMP4,r02,0,200,28
GBM1a,11,MSC-EV,r02,0,200,33
GBM1a,11,FBS,r02,0,200,37
GBM1a,11,CTRL,r02,0,200,28
GBM1a,11,CTRL,r03,0,200,31
GBM1a,11,FBS,r03,0,200,33
GBM1a,11,MSC-EV,r03,0,200,48
GBM1a,11,MSC-BMP4,r04,0,200,28
GBM1a,11,BMP4,r04,0,200,37
GBM1a,11,MSC-EV,r04,0,200,44
GBM1a,11,FBS,r04,0,200,41
GBM1a,11,CTRL,r04,0,200,34
GBM1a,11,CTRL,r05,0,200,46
GBM1a,11,FBS,r05,0,200,39
GBM1a,11,MSC-EV,r05,0,200,39
GBM1a,11,BMP4,r05,0,200,32
GBM1a,11,MSC-BMP4,r05,0,200,21
GBM1a,11,MSC-BMP4,r06,0,200,14
GBM1a,11,BMP4,r06,0,200,33
GBM1a,11,MSC-EV,r06,0,200,38
GBM1a,11,FBS,r06,0,200,53
GBM1a,11,CTRL,r06,0,200,36
GBM1a,11,FBS,r01,2,200,1
GBM1a,11,MSC-EV,r01,2,200,5
GBM1a,11,BMP4,r01,2,200,1
GBM1a,11,MSC-BMP4,r01,2,200,2
GBM1a,11,MSC-BMP4,r02,2,200,6
GBM1a,11,BMP4,r02,2,200,1
GBM1a,11,MSC-EV,r02,2,200,2
GBM1a,11,FBS,r02,2,200,4
GBM1a,11,CTRL,r02,2,200,3
GBM1a,11,CTRL,r03,2,200,4
GBM1a,11,FBS,r03,2,200,1
GBM1a,11,MSC-EV,r03,2,200,5
GBM1a,11,BMP4,r03,2,200,4
GBM1a,11,MSC-BMP4,r03,2,200,2
GBM1a,11,MSC-BMP4,r04,2,200,3
GBM1a,11,BMP4,r04,2,200,1
GBM1a,11,MSC-EV,r04,2,200,2
GBM1a,11,FBS,r04,2,200,4
GBM1a,11,CTRL,r04,2,200,7
GBM1a,11,CTRL,r05,2,200,3
GBM1a,11,FBS,r05,2,200,1
GBM1a,11,MSC-EV,r05,2,200,5
GBM1a,11,BMP4,r05,2,200,2
GBM1a,11,MSC-BMP4,r05,2,200,6
GBM1a,11,MSC-BMP4,r06,2,200,4
GBM1a,11,BMP4,r06,2,200,2
GBM1a,11,MSC-EV,r06,2,200,3
GBM1a,11,FBS,r06,2,200,5
GBM1a,13,CTRL,r01,0,200,11
GBM1a,13,FBS,r01,0,200,47
GBM1a,13,BMP4,r01,0,200,4
GBM1a,13,MSC-BMP4,r01,0,200,4
GBM1a,13,MSC-BMP4,r02,0,200,7
GBM1a,13,BMP4,r02,0,200,9
GBM1a,13,MSC-EV,r02,0,200,8
GBM1a,13,FBS,r02,0,200,44
GBM1a,13,CTRL,r02,0,200,8
GBM1a,13,CTRL,r03,0,200,12
GBM1a,13,FBS,r03,0,200,44
GBM1a,13,MSC-EV,r03,0,200,8
GBM1a,13,BMP4,r03,0,200,7
GBM1a,13,MSC-BMP4,r03,0,200,6
GBM1a,13,MSC-BMP4,r04,0,200,5
GBM1a,13,BMP4,r04,0,200,8
GBM1a,13,MSC-EV,r04,0,200,8
GBM1a,13,FBS,r04,0,200,45
GBM1a,13,CTRL,r04,0,200,7
GBM1a,13,CTRL,r05,0,200,8
GBM1a,13,FBS,r05,0,200,49
GBM1a,13,MSC-EV,r05,0,200,5
GBM1a,13,BMP4,r05,0,200,5
GBM1a,13,MSC-BMP4,r05,0,200,8
GBM1a,13,BMP4,r06,0,200,6
GBM1a,13,FBS,r06,0,200,59
GBM1a,13,CTRL,r06,0,200,11
GBM1a,13,CTRL,r01,2,200,13
GBM1a,13,FBS,r01,2,200,54
GBM1a,13,BMP4,r01,2,200,6
GBM1a,13,MSC-BMP4,r01,2,200,6
GBM1a,13,MSC-BMP4,r02,2,200,6
GBM1a,13,BMP4,r02,2,200,4
GBM1a,13,FBS,r02,2,200,57
GBM1a,13,CTRL,r02,2,200,16
GBM1a,13,CTRL,r03,2,200,11
GBM1a,13,FBS,r03,2,200,44
GBM1a,13,MSC-EV,r03,2,200,7
GBM1a,13,BMP4,r03,2,200,5
GBM1a,13,MSC-BMP4,r03,2,200,6
GBM1a,13,MSC-BMP4,r04,2,200,6
GBM1a,13,BMP4,r04,2,200,4
GBM1a,13,MSC-EV,r04,2,200,11
GBM1a,13,FBS,r04,2,200,52
GBM1a,13,CTRL,r04,2,200,9
GBM1a,13,CTRL,r05,2,200,13
GBM1a,13,FBS,r05,2,200,62
GBM1a,13,MSC-EV,r05,2,200,8
GBM1a,13,BMP4,r05,2,200,4
GBM1a,13,MSC-BMP4,r05,2,200,11
GBM1a,13,MSC-BMP4,r06,2,200,11
GBM1a,13,BMP4,r06,2,200,4
GBM1a,13,MSC-EV,r06,2,200,9
GBM1a,13,FBS,r06,2,200,51
GBM1a,13,CTRL,r06,2,200,7
U87,10,CTRL,r01,0,100,2
U87,10,FBS,r01,0,100,11
U87,10,BMP4,r01,0,100,6
U87,10,MSC-BMP4,r01,0,100,12
U87,10,MSC-BMP4,r02,0,100,16
U87,10,FBS,r02,0,100,9
U87,10,CTRL,r02,0,100,4
U87,10,CTRL,r03,0,100,5
U87,10,FBS,r03,0,100,8
U87,10,BMP4,r03,0,100,7
U87,10,MSC-BMP4,r03,0,100,9
U87,10,MSC-BMP4,r04,0,100,13
U87,10,BMP4,r04,0,100,9
U87,10,FBS,r04,0,100,14
U87,10,CTRL,r04,0,100,7
U87,10,CTRL,r05,0,100,7
U87,10,FBS,r05,0,100,11
U87,10,MSC-BMP4,r05,0,100,6
U87,10,MSC-BMP4,r06,0,100,16
U87,10,BMP4,r06,0,100,11
U87,10,FBS,r06,0,100,7
U87,10,CTRL,r06,0,100,3
U87,10,CTRL,r06,0,100,6
U87,10,CTRL,r01,2,100,4
U87,10,FBS,r01,2,100,6
U87,10,BMP4,r01,2,100,6
U87,10,MSC-BMP4,r01,2,100,14
U87,10,MSC-BMP4,r02,2,100,7
U87,10,BMP4,r02,2,100,3
U87,10,FBS,r02,2,100,4
U87,10,CTRL,r02,2,100,2
U87,10,CTRL,r03,2,100,3
U87,10,FBS,r03,2,100,9
U87,10,BMP4,r03,2,100,4
U87,10,MSC-BMP4,r03,2,100,4
U87,10,MSC-BMP4,r04,2,100,9
U87,10,BMP4,r04,2,100,2
U87,10,FBS,r04,2,100,13
U87,10,CTRL,r04,2,100,2
U87,10,CTRL,r05,2,100,1
U87,10,FBS,r05,2,100,4
U87,10,BMP4,r05,2,100,4
U87,10,MSC-BMP4,r05,2,100,6
U87,10,MSC-BMP4,r06,2,100,15
U87,10,BMP4,r06,2,100,1
U87,10,FBS,r06,2,100,5
GBM965,3,CTRL,r01,0,250,12
GBM965,3,FBS,r01,0,250,24
GBM965,3,BMP4,r01,0,250,4
GBM965,3,MSC-EV,r01,0,250,14
GBM965,3,MSC-BMP4,r01,0,250,7
GBM626,1,BMP4,r01,0,250,4
GBM626,1,BMP4,r02,0,250,1
GBM626,1,BMP4,r03,0,250,5
GBM626,1,BMP4,r04,0,250,5
GBM626,1,BMP4,r05,0,250,3
GBM626,1,BMP4,r06,0,250,3
GBM626,1,BMP4,r01,2,500,1
GBM965,3,MSC-BMP4,r02,0,250,7
GBM965,3,MSC-EV,r02,0,250,14
GBM965,3,FBS,r02,0,250,11
GBM965,3,CTRL,r02,0,250,23
GBM965,3,FBS,r03,0,250,12
GBM965,3,BMP4,r03,0,250,5
GBM965,3,MSC-EV,r03,0,250,19
GBM965,3,MSC-BMP4,r03,0,250,7
GBM626,1,BMP4,r06,4,1000,1
GBM965,3,MSC-BMP4,r04,0,250,11
GBM965,3,MSC-EV,r04,0,250,16
GBM965,3,BMP4,r04,0,250,4
GBM965,3,FBS,r04,0,250,17
GBM965,3,CTRL,r04,0,250,16
GBM965,3,FBS,r05,0,250,12
GBM965,3,BMP4,r05,0,250,6
GBM965,3,MSC-EV,r05,0,250,12
GBM965,3,MSC-BMP4,r05,0,250,8
GBM626,1,CTRL,r01,0,250,18
GBM626,1,CTRL,r02,0,250,21
GBM626,1,CTRL,r03,0,250,15
GBM626,1,CTRL,r04,0,250,17
GBM626,1,CTRL,r06,0,250,14
GBM965,3,MSC-BMP4,r06,0,250,5
GBM965,3,MSC-EV,r06,0,250,16
GBM965,3,BMP4,r06,0,250,5
GBM965,3,FBS,r06,0,250,12
GBM965,3,CTRL,r06,0,250,13
GBM965,3,FBS,r01,2,500,28
GBM965,3,BMP4,r01,2,500,7
GBM965,3,MSC-EV,r01,2,500,14
GBM965,3,MSC-BMP4,r01,2,500,4
GBM626,1,CTRL,r01,2,500,11
GBM626,1,CTRL,r02,2,500,8
GBM626,1,CTRL,r03,2,500,4
GBM626,1,CTRL,r04,2,500,13
GBM626,1,CTRL,r05,2,500,11
GBM626,1,CTRL,r06,2,500,8
GBM626,1,CTRL,r01,4,1000,7
GBM626,1,CTRL,r02,4,1000,5
GBM626,1,CTRL,r03,4,1000,5
GBM626,1,CTRL,r04,4,1000,6
GBM965,3,MSC-BMP4,r02,2,500,5
GBM965,3,MSC-EV,r02,2,500,17
GBM965,3,BMP4,r02,2,500,11
GBM965,3,FBS,r02,2,500,18
GBM965,3,CTRL,r02,2,500,21
GBM965,3,CTRL,r03,2,500,22
GBM965,3,BMP4,r03,2,500,8
GBM965,3,MSC-EV,r03,2,500,16
GBM965,3,MSC-BMP4,r03,2,500,6
GBM626,1,CTRL,r05,4,1000,9
GBM626,1,CTRL,r06,4,1000,9
GBM626,1,CTRL,r01,6,2000,7
GBM626,1,CTRL,r02,6,2000,8
GBM626,1,CTRL,r04,6,2000,4
GBM626,1,CTRL,r05,6,2000,2
GBM626,1,CTRL,r06,6,2000,7
GBM626,1,MSC-EV,r01,0,250,18
GBM626,1,MSC-EV,r02,0,250,14
GBM965,3,MSC-BMP4,r04,2,500,4
GBM965,3,MSC-EV,r04,2,500,15
GBM965,3,BMP4,r04,2,500,7
GBM965,3,FBS,r04,2,500,24
GBM965,3,CTRL,r04,2,500,17
GBM965,3,CTRL,r05,2,500,16
GBM965,3,FBS,r05,2,500,21
GBM965,3,BMP4,r05,2,500,7
GBM965,3,MSC-EV,r05,2,500,16
GBM965,3,MSC-BMP4,r05,2,500,4
GBM626,1,MSC-EV,r03,0,250,8
GBM626,1,MSC-EV,r04,0,250,12
GBM626,1,MSC-EV,r05,0,250,14
GBM626,1,MSC-EV,r06,0,250,17
GBM626,1,MSC-EV,r01,2,500,8
GBM626,1,MSC-EV,r02,2,500,8
GBM626,1,MSC-EV,r03,2,500,4
GBM626,1,MSC-EV,r04,2,500,9
GBM626,1,MSC-EV,r05,2,500,5
GBM626,1,MSC-EV,r06,2,500,9
GBM965,3,MSC-BMP4,r06,2,500,2
GBM965,3,MSC-EV,r06,2,500,18
GBM965,3,CTRL,r06,2,500,24
GBM965,3,CTRL,r01,4,1000,22
GBM965,3,FBS,r01,4,1000,23
GBM965,3,BMP4,r01,4,1000,7
GBM965,3,MSC-EV,r01,4,1000,13
GBM965,3,MSC-BMP4,r01,4,1000,1
GBM626,1,MSC-EV,r01,4,1000,6
GBM626,1,MSC-EV,r02,4,1000,1
GBM626,1,MSC-EV,r03,4,1000,8
GBM626,1,MSC-EV,r04,4,1000,2
GBM626,1,MSC-EV,r05,4,1000,8
GBM626,1,MSC-EV,r06,4,1000,6
GBM626,1,MSC-EV,r01,6,2000,5
GBM626,1,MSC-EV,r02,6,2000,5
GBM626,1,MSC-EV,r03,6,2000,5
GBM626,1,MSC-EV,r04,6,2000,2
GBM965,3,MSC-BMP4,r02,4,1000,4
GBM965,3,MSC-EV,r02,4,1000,16
GBM965,3,BMP4,r02,4,1000,7
GBM965,3,FBS,r02,4,1000,17
GBM965,3,CTRL,r02,4,1000,18
GBM965,3,CTRL,r03,4,1000,21
GBM965,3,FBS,r03,4,1000,19
GBM965,3,BMP4,r03,4,1000,8
GBM965,3,MSC-EV,r03,4,1000,19
GBM965,3,MSC-BMP4,r03,4,1000,2
GBM626,1,MSC-EV,r05,6,2000,3
GBM626,1,MSC-EV,r06,6,2000,3
GBM626,1,FBS,r01,0,250,9
GBM626,1,FBS,r02,0,250,9
GBM626,1,FBS,r03,0,250,15
GBM626,1,FBS,r04,0,250,9
GBM626,1,FBS,r05,0,250,9
GBM626,1,FBS,r06,0,250,7
GBM626,1,FBS,r02,2,500,7
GBM965,3,MSC-BMP4,r04,4,1000,4
GBM965,3,BMP4,r04,4,1000,4
GBM965,3,FBS,r04,4,1000,23
GBM965,3,CTRL,r04,4,1000,29
GBM965,3,CTRL,r05,4,1000,14
GBM965,3,BMP4,r05,4,1000,11
GBM965,3,MSC-EV,r05,4,1000,16
GBM965,3,MSC-BMP4,r05,4,1000,5
GBM626,1,FBS,r03,2,500,6
GBM626,1,FBS,r04,2,500,7
GBM626,1,FBS,r05,2,500,4
GBM626,1,FBS,r06,2,500,8
GBM626,1,FBS,r01,4,1000,3
GBM626,1,FBS,r02,4,1000,4
GBM626,1,FBS,r03,4,1000,4
GBM626,1,FBS,r04,4,1000,9
GBM626,1,FBS,r05,4,1000,6
GBM626,1,FBS,r06,4,1000,5
GBM965,3,MSC-BMP4,r06,4,1000,2
GBM965,3,MSC-EV,r06,4,1000,17
GBM965,3,BMP4,r06,4,1000,5
GBM965,3,FBS,r06,4,1000,15
GBM965,3,CTRL,r06,4,1000,15
GBM965,3,CTRL,r01,6,2000,9
GBM965,3,FBS,r01,6,2000,11
GBM965,3,BMP4,r01,6,2000,6
GBM965,3,MSC-EV,r01,6,2000,17
GBM965,3,MSC-BMP4,r01,6,2000,4
GBM626,1,FBS,r01,6,2000,3
GBM626,1,FBS,r02,6,2000,4
GBM626,1,FBS,r03,6,2000,4
GBM626,1,FBS,r04,6,2000,3
GBM626,1,FBS,r05,6,2000,3
GBM626,1,FBS,r06,6,2000,8
GBM626,1,MSC-BMP4,r01,0,250,17
GBM626,1,MSC-BMP4,r02,0,250,17
GBM626,1,MSC-BMP4,r04,0,250,17
GBM965,3,MSC-BMP4,r02,6,2000,4
GBM965,3,MSC-EV,r02,6,2000,6
GBM965,3,BMP4,r02,6,2000,6
GBM965,3,CTRL,r02,6,2000,22
GBM965,3,CTRL,r03,6,2000,22
GBM965,3,FBS,r03,6,2000,16
GBM965,3,BMP4,r03,6,2000,8
GBM965,3,MSC-EV,r03,6,2000,18
GBM965,3,MSC-BMP4,r03,6,2000,5
GBM626,1,MSC-BMP4,r05,0,250,14
GBM626,1,MSC-BMP4,r06,0,250,17
GBM626,1,MSC-BMP4,r01,2,500,5
GBM626,1,MSC-BMP4,r02,2,500,4
GBM626,1,MSC-BMP4,r03,2,500,2
GBM626,1,MSC-BMP4,r05,2,500,3
GBM626,1,MSC-BMP4,r06,2,500,2
GBM626,1,MSC-BMP4,r01,4,1000,2
GBM965,3,MSC-BMP4,r04,6,2000,2
GBM965,3,MSC-EV,r04,6,2000,15
GBM965,3,BMP4,r04,6,2000,9
GBM965,3,FBS,r04,6,2000,21
GBM965,3,CTRL,r04,6,2000,19
GBM965,3,CTRL,r05,6,2000,18
GBM965,3,BMP4,r05,6,2000,4
GBM965,3,MSC-EV,r05,6,2000,12
GBM965,3,MSC-BMP4,r05,6,2000,1
GBM626,1,MSC-BMP4,r03,4,1000,1
GBM626,1,MSC-BMP4,r04,4,1000,3
GBM626,1,MSC-BMP4,r05,4,1000,3
GBM626,1,MSC-BMP4,r06,4,1000,4
GBM626,1,MSC-BMP4,r01,6,2000,8
GBM626,1,MSC-BMP4,r03,6,2000,8
GBM626,1,MSC-BMP4,r04,6,2000,11
GBM626,1,MSC-BMP4,r05,6,2000,6
GBM626,1,MSC-BMP4,r06,6,2000,5
GBM965,3,MSC-BMP4,r06,6,2000,1
GBM965,3,MSC-EV,r06,6,2000,7
GBM965,3,BMP4,r06,6,2000,7
GBM965,3,CTRL,r06,6,2000,16
QNS120,2,BMP4,r01,6,2000,3
QNS120,2,BMP4,r02,6,2000,4
QNS120,2,BMP4,r03,6,2000,2
QNS120,2,BMP4,r04,6,2000,2
QNS120,2,BMP4,r05,6,2000,1
GBM965,5,CTRL,r01,6,2000,17
GBM965,5,BMP4,r01,6,2000,3
GBM965,5,MSC-EV,r01,6,2000,19
GBM965,5,MSC-BMP4,r01,6,2000,8
GBM965,5,MSC-BMP4,r02,6,2000,14
GBM965,5,MSC-EV,r02,6,2000,14
GBM965,5,BMP4,r02,6,2000,11
GBM965,5,FBS,r02,6,2000,14
GBM965,5,CTRL,r02,6,2000,14
QNS120,2,BMP4,r06,6,2000,1
QNS120,2,BMP4,r01,4,1000,3
QNS120,2,BMP4,r02,4,1000,1
QNS120,2,BMP4,r03,4,1000,1
QNS120,2,BMP4,r04,4,1000,1
QNS120,2,BMP4,r05,4,1000,2
QNS120,2,BMP4,r06,4,1000,1
QNS120,1,BMP4,r04,2,500,2
QNS120,1,BMP4,r05,2,500,1
GBM965,5,CTRL,r03,6,2000,12
GBM965,5,FBS,r03,6,2000,11
GBM965,5,BMP4,r03,6,2000,7
GBM965,5,MSC-EV,r03,6,2000,21
GBM965,5,MSC-BMP4,r03,6,2000,16
GBM965,5,MSC-BMP4,r04,6,2000,8
GBM965,5,MSC-EV,r04,6,2000,16
GBM965,5,BMP4,r04,6,2000,8
GBM965,5,FBS,r04,6,2000,9
GBM965,5,CTRL,r04,6,2000,8
QNS120,1,BMP4,r02,2,500,2
QNS120,1,BMP4,r03,2,500,1
QNS120,1,BMP4,r06,2,500,1
QNS120,2,BMP4,r01,0,250,1
QNS120,2,BMP4,r02,0,250,1
QNS120,2,BMP4,r03,0,250,1
QNS120,2,BMP4,r04,0,250,1
QNS120,2,BMP4,r05,0,250,1
QNS120,2,BMP4,r06,0,250,1
QNS120,1,BMP4,r01,6,2000,1
GBM965,5,CTRL,r05,6,2000,11
GBM965,5,FBS,r05,6,2000,12
GBM965,5,BMP4,r05,6,2000,3
GBM965,5,MSC-EV,r05,6,2000,14
GBM965,5,MSC-BMP4,r05,6,2000,8
GBM965,5,MSC-BMP4,r06,6,2000,8
GBM965,5,MSC-EV,r06,6,2000,17
GBM965,5,BMP4,r06,6,2000,7
GBM965,5,FBS,r06,6,2000,16
GBM965,5,CTRL,r06,6,2000,7
GBM1a,4,BMP4,r01,6,2000,1
GBM1a,4,BMP4,r04,4,1000,1
GBM1a,4,BMP4,r01,2,500,4
GBM1a,4,BMP4,r01,2,500,1
GBM1a,4,BMP4,r02,2,500,3
GBM1a,4,BMP4,r02,2,500,2
GBM1a,4,BMP4,r03,2,500,4
GBM1a,4,BMP4,r03,2,500,1
GBM1a,4,BMP4,r04,2,500,1
GBM1a,4,BMP4,r04,2,500,1
GBM1a,4,BMP4,r05,2,500,2
GBM1a,4,BMP4,r05,2,500,3
GBM1a,4,BMP4,r06,2,500,3
GBM1a,4,BMP4,r06,2,500,1
GBM1a,4,BMP4,r01,0,250,4
GBM1a,4,BMP4,r01,0,250,8
GBM1a,4,BMP4,r02,0,250,7
GBM1a,4,BMP4,r02,0,250,6
GBM1a,4,BMP4,r03,0,250,5
GBM1a,4,BMP4,r03,0,250,6
GBM1a,4,BMP4,r04,0,250,3
GBM1a,4,BMP4,r04,0,250,5
GBM1a,4,BMP4,r05,0,250,4
GBM1a,4,BMP4,r05,0,250,6
GBM1a,4,BMP4,r06,0,250,9
GBM1a,4,BMP4,r06,0,250,8
GBM1a,4,CTRL,r01,6,2000,2
GBM1a,4,CTRL,r01,6,2000,4
GBM1a,4,CTRL,r02,6,2000,1
GBM1a,4,CTRL,r03,6,2000,4
GBM1a,4,CTRL,r03,6,2000,2
GBM1a,4,CTRL,r04,6,2000,2
GBM1a,4,CTRL,r04,6,2000,6
GBM1a,4,CTRL,r05,6,2000,2
GBM1a,4,CTRL,r06,6,2000,1
GBM1a,4,CTRL,r06,6,2000,6
GBM1a,4,CTRL,r01,4,1000,7
GBM1a,4,CTRL,r01,4,1000,4
GBM1a,4,CTRL,r02,4,1000,6
GBM1a,4,CTRL,r02,4,1000,12
GBM1a,4,CTRL,r03,4,1000,14
GBM1a,4,CTRL,r03,4,1000,5
GBM1a,4,CTRL,r04,4,1000,8
GBM1a,4,CTRL,r04,4,1000,18
GBM1a,4,CTRL,r05,4,1000,12
GBM1a,4,CTRL,r05,4,1000,9
GBM1a,4,CTRL,r06,4,1000,8
GBM1a,4,CTRL,r06,4,1000,15
GBM1a,4,CTRL,r01,2,500,28
GBM1a,4,CTRL,r01,2,500,34
GBM1a,4,CTRL,r02,2,500,18
GBM1a,4,CTRL,r03,2,500,18
GBM1a,4,CTRL,r03,2,500,28
GBM1a,4,CTRL,r04,2,500,26
GBM1a,4,CTRL,r04,2,500,24
GBM1a,4,CTRL,r05,2,500,14
GBM1a,4,CTRL,r05,2,500,25
GBM1a,4,CTRL,r06,2,500,19
GBM1a,4,CTRL,r01,0,250,25
GBM1a,4,CTRL,r02,0,250,22
GBM1a,4,CTRL,r02,0,250,23
GBM1a,4,CTRL,r03,0,250,19
GBM1a,4,CTRL,r03,0,250,21
GBM1a,4,CTRL,r04,0,250,23
GBM1a,4,CTRL,r04,0,250,23
GBM1a,4,CTRL,r05,0,250,12
GBM1a,4,CTRL,r05,0,250,14
GBM1a,4,CTRL,r06,0,250,22
GBM1a,4,MSC-EV,r01,6,2000,1
GBM1a,4,MSC-EV,r01,6,2000,2
GBM1a,4,MSC-EV,r02,6,2000,1
GBM1a,4,MSC-EV,r03,6,2000,2
GBM1a,4,MSC-EV,r04,6,2000,2
GBM1a,4,MSC-EV,r06,6,2000,1
GBM1a,4,MSC-EV,r01,4,1000,2
GBM1a,4,MSC-EV,r01,4,1000,2
GBM1a,4,MSC-EV,r02,4,1000,3
GBM1a,4,MSC-EV,r02,4,1000,1
GBM1a,4,MSC-EV,r03,4,1000,1
GBM1a,4,MSC-EV,r03,4,1000,5
GBM1a,4,MSC-EV,r04,4,1000,3
GBM1a,4,MSC-EV,r04,4,1000,3
GBM1a,4,MSC-EV,r05,4,1000,3
GBM1a,4,MSC-EV,r05,4,1000,7
GBM1a,4,MSC-EV,r06,4,1000,6
GBM1a,4,MSC-EV,r06,4,1000,4
GBM1a,4,MSC-EV,r01,2,500,11
GBM1a,4,MSC-EV,r01,2,500,16
GBM1a,4,MSC-EV,r02,2,500,17
GBM1a,4,MSC-EV,r02,2,500,12
GBM1a,4,MSC-EV,r03,2,500,15
GBM1a,4,MSC-EV,r05,2,500,15
GBM1a,4,MSC-EV,r05,2,500,22
GBM1a,4,MSC-EV,r06,2,500,19
GBM1a,4,MSC-EV,r06,2,500,13
GBM1a,4,MSC-EV,r01,0,250,17
GBM1a,4,MSC-EV,r01,0,250,17
GBM1a,4,MSC-EV,r02,0,250,15
GBM1a,4,MSC-EV,r03,0,250,18
GBM1a,4,MSC-EV,r03,0,250,26
GBM1a,4,MSC-EV,r04,0,250,12
GBM1a,4,MSC-EV,r05,0,250,16
GBM1a,4,MSC-EV,r05,0,250,29
GBM1a,4,MSC-EV,r06,0,250,26
GBM1a,4,MSC-EV,r06,0,250,16
GBM1a,4,FBS,r01,6,2000,1
GBM1a,4,FBS,r01,6,2000,5
GBM1a,4,FBS,r02,6,2000,2
GBM1a,4,FBS,r02,6,2000,8
GBM1a,4,FBS,r03,6,2000,5
GBM1a,4,FBS,r03,6,2000,3
GBM1a,4,FBS,r04,6,2000,3
GBM1a,4,FBS,r04,6,2000,8
GBM1a,4,FBS,r05,6,2000,1
GBM1a,4,FBS,r05,6,2000,2
GBM1a,4,FBS,r06,6,2000,1
GBM1a,4,FBS,r06,6,2000,2
GBM1a,4,FBS,r02,4,1000,14
GBM1a,4,FBS,r02,4,1000,9
GBM1a,4,FBS,r03,4,1000,7
GBM1a,4,FBS,r05,4,1000,9
GBM1a,4,FBS,r06,4,1000,8
GBM1a,4,FBS,r06,4,1000,16
GBM1a,4,FBS,r01,2,500,24
GBM1a,4,FBS,r01,2,500,19
GBM1a,4,FBS,r02,2,500,22
GBM1a,4,FBS,r02,2,500,18
GBM1a,4,FBS,r03,2,500,18
GBM1a,4,FBS,r03,2,500,33
GBM1a,4,FBS,r04,2,500,26
GBM1a,4,FBS,r04,2,500,18
GBM1a,4,FBS,r05,2,500,17
GBM1a,4,FBS,r05,2,500,18
GBM1a,4,FBS,r06,2,500,21
GBM1a,4,FBS,r01,0,250,17
GBM1a,4,FBS,r02,0,250,17
GBM1a,4,FBS,r02,0,250,13
GBM1a,4,FBS,r03,0,250,21
GBM1a,4,FBS,r03,0,250,21
GBM1a,4,FBS,r04,0,250,18
GBM1a,4,FBS,r04,0,250,14
GBM1a,4,FBS,r05,0,250,14
GBM1a,4,FBS,r05,0,250,19
GBM1a,4,FBS,r06,0,250,15
GBM1a,4,MSC-BMP4,r01,6,2000,3
GBM1a,4,MSC-BMP4,r02,6,2000,1
GBM1a,4,MSC-BMP4,r03,6,2000,2
GBM1a,4,MSC-BMP4,r04,6,2000,1
GBM1a,4,MSC-BMP4,r04,6,2000,4
GBM1a,4,MSC-BMP4,r05,6,2000,2
GBM1a,4,MSC-BMP4,r06,6,2000,1
GBM1a,4,MSC-BMP4,r01,4,1000,5
GBM1a,4,MSC-BMP4,r02,4,1000,5
GBM1a,4,MSC-BMP4,r02,4,1000,4
GBM1a,4,MSC-BMP4,r03,4,1000,2
GBM1a,4,MSC-BMP4,r03,4,1000,7
GBM1a,4,MSC-BMP4,r04,4,1000,4
GBM1a,4,MSC-BMP4,r04,4,1000,7
GBM1a,4,MSC-BMP4,r05,4,1000,3
GBM1a,4,MSC-BMP4,r05,4,1000,5
GBM1a,4,MSC-BMP4,r06,4,1000,8
GBM1a,4,MSC-BMP4,r06,4,1000,2
GBM1a,4,MSC-BMP4,r01,2,500,16
GBM1a,4,MSC-BMP4,r01,2,500,16
GBM1a,4,MSC-BMP4,r02,2,500,18
GBM1a,4,MSC-BMP4,r02,2,500,11
GBM1a,4,MSC-BMP4,r03,2,500,14
GBM1a,4,MSC-BMP4,r03,2,500,21
GBM1a,4,MSC-BMP4,r04,2,500,22
GBM1a,4,MSC-BMP4,r04,2,500,11
GBM1a,4,MSC-BMP4,r05,2,500,15
GBM1a,4,MSC-BMP4,r05,2,500,18
GBM1a,4,MSC-BMP4,r06,2,500,16
GBM1a,4,MSC-BMP4,r01,0,250,15
GBM1a,4,MSC-BMP4,r01,0,250,23
GBM1a,4,MSC-BMP4,r02,0,250,26
GBM1a,4,MSC-BMP4,r02,0,250,15
GBM1a,4,MSC-BMP4,r03,0,250,22
GBM1a,4,MSC-BMP4,r03,0,250,21
GBM1a,4,MSC-BMP4,r04,0,250,23
GBM1a,4,MSC-BMP4,r04,0,250,15
GBM1a,4,MSC-BMP4,r05,0,250,18
GBM1a,4,MSC-BMP4,r05,0,250,26
GBM1a,4,MSC-BMP4,r06,0,250,27
GBM1a,4,MSC-BMP4,r06,0,250,22
QNS120,1,BMP4,r01,4,1000,1
GBM965,5,CTRL,r01,4,1000,8
GBM965,5,FBS,r01,4,1000,16
GBM965,5,BMP4,r01,4,1000,9
GBM965,5,MSC-EV,r01,4,1000,16
GBM965,5,MSC-BMP4,r01,4,1000,8
GBM965,5,MSC-BMP4,r02,4,1000,9
GBM965,5,MSC-EV,r02,4,1000,8
GBM965,5,BMP4,r02,4,1000,9
GBM965,5,FBS,r02,4,1000,11
GBM965,5,CTRL,r02,4,1000,9
QNS120,1,CTRL,r01,2,500,3
QNS120,1,CTRL,r05,2,500,4
QNS120,1,CTRL,r03,2,500,6
QNS120,1,CTRL,r06,2,500,2
QNS120,1,BMP4,r01,0,250,1
QNS120,1,BMP4,r04,0,250,1
QNS120,1,BMP4,r05,0,250,1
GBM965,5,CTRL,r03,4,1000,5
GBM965,5,FBS,r03,4,1000,6
GBM965,5,BMP4,r03,4,1000,12
GBM965,5,MSC-EV,r03,4,1000,9
GBM965,5,MSC-BMP4,r04,4,1000,11
GBM965,5,MSC-EV,r04,4,1000,11
GBM965,5,BMP4,r04,4,1000,7
GBM965,5,FBS,r04,4,1000,12
GBM965,5,CTRL,r04,4,1000,6
QNS120,1,BMP4,r02,0,250,1
QNS120,1,BMP4,r03,0,250,1
QNS120,1,BMP4,r06,0,250,1
QNS120,3,BMP4,r01,0,500,1
QNS120,3,BMP4,r02,0,500,1
QNS120,3,BMP4,r03,0,500,2
QNS120,3,BMP4,r04,0,500,1
QNS120,3,BMP4,r05,0,500,1
QNS120,3,BMP4,r06,0,500,1
QNS120,1,MSC-EV,r01,2,500,1
GBM965,5,FBS,r05,4,1000,9
GBM965,5,BMP4,r05,4,1000,8
GBM965,5,MSC-EV,r05,4,1000,12
GBM965,5,MSC-BMP4,r05,4,1000,9
GBM965,5,MSC-BMP4,r06,4,1000,11
GBM965,5,MSC-EV,r06,4,1000,15
GBM965,5,BMP4,r06,4,1000,11
GBM965,5,FBS,r06,4,1000,12
GBM965,5,CTRL,r06,4,1000,11
QNS120,1,MSC-EV,r04,2,500,1
QNS120,1,MSC-EV,r05,2,500,1
QNS120,1,MSC-EV,r02,2,500,2
QNS120,1,MSC-EV,r03,2,500,1
QNS120,1,MSC-EV,r06,2,500,2
QNS120,2,BMP4,r01,4,2000,2
QNS120,3,BMP4,r02,4,2000,2
QNS120,2,BMP4,r03,4,2000,3
QNS120,3,BMP4,r04,4,2000,1
QNS120,2,BMP4,r05,4,2000,1
GBM965,5,CTRL,r01,2,500,5
GBM965,5,FBS,r01,2,500,9
GBM965,5,BMP4,r01,2,500,5
GBM965,5,MSC-EV,r01,2,500,6
GBM965,5,MSC-BMP4,r01,2,500,7
GBM965,5,MSC-BMP4,r02,2,500,7
GBM965,5,BMP4,r02,2,500,5
GBM965,5,FBS,r02,2,500,6
GBM965,5,CTRL,r02,2,500,5
QNS120,3,BMP4,r06,4,2000,1
QNS120,2,BMP4,r01,5,4000,3
QNS120,3,BMP4,r02,5,4000,1
QNS120,2,BMP4,r03,5,4000,3
QNS120,3,BMP4,r04,5,4000,1
QNS120,2,BMP4,r05,5,4000,3
QNS120,3,BMP4,r06,5,4000,3
QNS120,3,BMP4,r02,6,8000,4
QNS120,2,BMP4,r03,6,8000,4
GBM965,5,CTRL,r03,2,500,4
GBM965,5,FBS,r03,2,500,5
GBM965,5,BMP4,r03,2,500,4
GBM965,5,MSC-EV,r03,2,500,4
GBM965,5,MSC-BMP4,r03,2,500,5
GBM965,5,MSC-BMP4,r04,2,500,8
GBM965,5,MSC-EV,r04,2,500,8
GBM965,5,BMP4,r04,2,500,4
GBM965,5,FBS,r04,2,500,4
GBM965,5,CTRL,r04,2,500,5
QNS120,3,BMP4,r04,6,8000,2
QNS120,2,BMP4,r05,6,8000,5
QNS120,3,BMP4,r06,6,8000,6
QNS120,2,CTRL,r02,6,2000,3
QNS120,2,CTRL,r03,6,2000,5
QNS120,2,CTRL,r04,6,2000,3
QNS120,2,CTRL,r05,6,2000,4
QNS120,2,CTRL,r06,6,2000,4
QNS120,2,CTRL,r01,4,1000,2
GBM965,5,CTRL,r05,2,500,7
GBM965,5,FBS,r05,2,500,3
GBM965,5,BMP4,r05,2,500,5
GBM965,5,MSC-EV,r05,2,500,8
GBM965,5,MSC-BMP4,r05,2,500,7
GBM965,5,MSC-BMP4,r06,2,500,8
GBM965,5,BMP4,r06,2,500,9
GBM965,5,FBS,r06,2,500,9
GBM965,5,CTRL,r06,2,500,6
QNS120,2,CTRL,r02,4,1000,2
QNS120,2,CTRL,r03,4,1000,4
QNS120,2,CTRL,r04,4,1000,3
QNS120,2,CTRL,r05,4,1000,4
QNS120,1,FBS,r01,2,500,1
QNS120,1,FBS,r04,2,500,2
QNS120,1,FBS,r05,2,500,1
QNS120,1,FBS,r02,2,500,1
QNS120,1,FBS,r03,2,500,1
GBM965,5,CTRL,r01,0,250,3
GBM965,5,FBS,r01,0,250,5
GBM965,5,BMP4,r01,0,250,4
GBM965,5,MSC-EV,r01,0,250,3
GBM965,5,MSC-BMP4,r01,0,250,4
GBM965,5,MSC-BMP4,r02,0,250,3
GBM965,5,MSC-EV,r02,0,250,4
GBM965,5,BMP4,r02,0,250,4
GBM965,5,FBS,r02,0,250,3
GBM965,5,CTRL,r02,0,250,3
QNS120,1,FBS,r06,2,500,1
QNS120,2,CTRL,r01,0,250,1
QNS120,2,CTRL,r02,0,250,1
QNS120,2,CTRL,r03,0,250,1
QNS120,2,CTRL,r04,0,250,1
QNS120,2,CTRL,r05,0,250,1
QNS120,2,CTRL,r06,0,250,1
QNS120,1,CTRL,r01,6,2000,3
QNS120,1,CTRL,r04,6,2000,2
QNS120,1,CTRL,r05,6,2000,3
GBM965,5,CTRL,r03,0,250,4
GBM965,5,FBS,r03,0,250,5
GBM965,5,BMP4,r03,0,250,5
GBM965,5,MSC-EV,r03,0,250,2
GBM965,5,MSC-BMP4,r03,0,250,4
GBM965,5,MSC-BMP4,r04,0,250,4
GBM965,5,MSC-EV,r04,0,250,4
GBM965,5,BMP4,r04,0,250,3
GBM965,5,FBS,r04,0,250,4
GBM965,5,CTRL,r04,0,250,5
QNS120,1,CTRL,r02,6,2000,3
QNS120,1,CTRL,r06,6,2000,2
QNS120,1,CTRL,r01,4,1000,5
QNS120,1,CTRL,r05,4,1000,3
QNS120,1,CTRL,r02,4,1000,3
QNS120,1,CTRL,r03,4,1000,3
QNS120,1,CTRL,r06,4,1000,5
QNS120,1,MSC-BMP4,r01,2,500,2
GBM965,5,CTRL,r05,0,250,4
GBM965,5,FBS,r05,0,250,4
GBM965,5,BMP4,r05,0,250,2
GBM965,5,MSC-EV,r05,0,250,5
GBM965,5,MSC-BMP4,r05,0,250,3
GBM965,5,MSC-BMP4,r06,0,250,3
GBM965,5,MSC-EV,r06,0,250,3
GBM965,5,BMP4,r06,0,250,2
GBM965,5,FBS,r06,0,250,4
GBM965,5,CTRL,r06,0,250,4
QNS120,1,MSC-BMP4,r04,2,500,4
QNS120,1,MSC-BMP4,r05,2,500,2
QNS120,1,MSC-BMP4,r03,2,500,4
QNS120,1,MSC-BMP4,r06,2,500,3
GBM1a,5,CTRL,r01,0,250,79
GBM1a,5,FBS,r01,0,250,82
GBM1a,5,BMP4,r01,0,250,19
GBM1a,5,MSC-EV,r01,0,250,92
GBM1a,5,MSC-BMP4,r01,0,250,55
GBM1a,5,MSC-BMP4,r01,0,250,39
GBM1a,5,MSC-EV,r01,0,250,71
GBM1a,5,BMP4,r01,0,250,17
GBM1a,5,FBS,r01,0,250,74
GBM1a,5,CTRL,r01,0,250,73
GBM1a,5,CTRL,r02,0,250,57
GBM1a,5,FBS,r02,0,250,66
GBM1a,5,BMP4,r02,0,250,17
GBM1a,5,MSC-EV,r02,0,250,59
GBM1a,5,MSC-BMP4,r02,0,250,62
GBM1a,5,MSC-BMP4,r02,0,250,35
GBM1a,5,MSC-EV,r02,0,250,55
GBM1a,5,BMP4,r02,0,250,21
GBM1a,5,CTRL,r02,0,250,57
GBM1a,5,CTRL,r03,0,250,73
GBM1a,5,FBS,r03,0,250,89
GBM1a,5,BMP4,r03,0,250,22
GBM1a,5,MSC-EV,r03,0,250,63
GBM1a,5,MSC-BMP4,r03,0,250,51
GBM1a,5,MSC-EV,r03,0,250,78
GBM1a,5,BMP4,r03,0,250,23
GBM1a,5,FBS,r03,0,250,65
GBM1a,5,CTRL,r03,0,250,84
GBM1a,5,CTRL,r01,2,500,69
GBM1a,5,FBS,r01,2,500,58
GBM1a,5,BMP4,r01,2,500,15
GBM1a,5,MSC-EV,r01,2,500,65
GBM1a,5,MSC-BMP4,r01,2,500,26
GBM1a,5,MSC-BMP4,r02,2,500,18
GBM1a,5,MSC-EV,r02,2,500,66
GBM1a,5,BMP4,r02,2,500,5
GBM1a,5,FBS,r02,2,500,63
GBM1a,5,CTRL,r02,2,500,71
GBM1a,5,CTRL,r03,2,500,72
GBM1a,5,FBS,r03,2,500,59
GBM1a,5,BMP4,r03,2,500,13
GBM1a,5,MSC-EV,r03,2,500,57
GBM1a,5,MSC-BMP4,r04,2,500,28
GBM1a,5,MSC-EV,r04,2,500,45
GBM1a,5,BMP4,r04,2,500,9
GBM1a,5,FBS,r04,2,500,46
GBM1a,5,CTRL,r04,2,500,57
GBM1a,5,CTRL,r05,2,500,67
GBM1a,5,FBS,r05,2,500,66
GBM1a,5,BMP4,r05,2,500,11
GBM1a,5,MSC-EV,r05,2,500,46
GBM1a,5,MSC-BMP4,r05,2,500,15
GBM1a,5,MSC-BMP4,r06,2,500,16
GBM1a,5,MSC-EV,r06,2,500,42
GBM1a,5,BMP4,r06,2,500,8
GBM1a,5,FBS,r06,2,500,57
GBM1a,5,CTRL,r06,2,500,62
GBM1a,5,FBS,r01,4,1000,43
GBM1a,5,BMP4,r01,4,1000,4
GBM1a,5,MSC-EV,r01,4,1000,15
GBM1a,5,MSC-BMP4,r01,4,1000,11
GBM1a,5,MSC-BMP4,r02,4,1000,5
GBM1a,5,MSC-EV,r02,4,1000,14
GBM1a,5,BMP4,r02,4,1000,3
GBM1a,5,FBS,r02,4,1000,27
GBM1a,5,CTRL,r02,4,1000,41
GBM1a,5,CTRL,r03,4,1000,27
GBM1a,5,FBS,r03,4,1000,18
GBM1a,5,BMP4,r03,4,1000,3
GBM1a,5,MSC-EV,r03,4,1000,9
GBM1a,5,MSC-BMP4,r03,4,1000,11
GBM1a,5,MSC-BMP4,r04,4,1000,4
GBM1a,5,MSC-EV,r04,4,1000,11
GBM1a,5,BMP4,r04,4,1000,1
GBM1a,5,CTRL,r04,4,1000,27
GBM1a,5,FBS,r05,4,1000,24
GBM1a,5,BMP4,r05,4,1000,3
GBM1a,5,MSC-EV,r05,4,1000,15
GBM1a,5,MSC-BMP4,r05,4,1000,8
GBM1a,5,MSC-BMP4,r06,4,1000,8
GBM1a,5,MSC-EV,r06,4,1000,14
GBM1a,5,BMP4,r06,4,1000,3
GBM1a,5,FBS,r06,4,1000,17
GBM1a,5,CTRL,r06,4,1000,27
GBM1a,5,CTRL,r01,6,2000,17
GBM1a,5,FBS,r01,6,2000,19
GBM1a,5,BMP4,r01,6,2000,2
GBM1a,5,MSC-EV,r01,6,2000,14
GBM1a,5,MSC-BMP4,r01,6,2000,6
GBM1a,5,MSC-BMP4,r02,6,2000,6
GBM1a,5,MSC-EV,r02,6,2000,11
GBM1a,5,BMP4,r02,6,2000,3
GBM1a,5,FBS,r02,6,2000,16
GBM1a,5,CTRL,r03,6,2000,15
GBM1a,5,FBS,r03,6,2000,13
GBM1a,5,BMP4,r03,6,2000,1
GBM1a,5,MSC-EV,r03,6,2000,14
GBM1a,5,MSC-BMP4,r03,6,2000,8
GBM1a,5,MSC-EV,r04,6,2000,12
GBM1a,5,BMP4,r04,6,2000,5
GBM1a,5,FBS,r04,6,2000,9
GBM1a,5,CTRL,r04,6,2000,15
GBM1a,5,CTRL,r05,6,2000,15
GBM1a,5,FBS,r05,6,2000,9
GBM1a,5,BMP4,r05,6,2000,4
GBM1a,5,MSC-EV,r05,6,2000,18
GBM1a,5,MSC-BMP4,r05,6,2000,9
GBM1a,5,MSC-BMP4,r06,6,2000,14
GBM1a,5,MSC-EV,r06,6,2000,13
GBM1a,5,BMP4,r06,6,2000,2
GBM1a,5,FBS,r06,6,2000,21
GBM1a,5,CTRL,r06,6,2000,23
QNS120,1,CTRL,r01,0,250,2
QNS120,1,CTRL,r04,0,250,1
QNS120,1,CTRL,r05,0,250,2
QNS120,1,CTRL,r02,0,250,1
QNS120,1,CTRL,r03,0,250,1
GBM965,4,MSC-BMP4,r02,6,2000,16
GBM965,4,MSC-EV,r02,6,2000,12
GBM965,4,BMP4,r02,6,2000,5
GBM965,4,FBS,r02,6,2000,5
GBM965,4,CTRL,r02,6,2000,5
GBM965,4,FBS,r03,6,2000,11
GBM965,4,BMP4,r03,6,2000,5
GBM965,4,MSC-EV,r03,6,2000,6
GBM965,4,MSC-BMP4,r03,6,2000,12
QNS120,1,CTRL,r06,0,250,1
QNS120,3,CTRL,r01,0,500,1
QNS120,3,CTRL,r02,0,500,1
QNS120,3,CTRL,r03,0,500,1
QNS120,3,CTRL,r04,0,500,1
QNS120,3,CTRL,r05,0,500,2
QNS120,3,CTRL,r06,0,500,2
QNS120,2,BMP4,r01,2,500,1
QNS120,2,BMP4,r02,2,500,2
QNS120,2,BMP4,r03,2,500,1
GBM965,4,MSC-BMP4,r06,6,2000,13
GBM965,4,MSC-EV,r06,6,2000,8
GBM965,4,BMP4,r06,6,2000,3
GBM965,4,FBS,r06,6,2000,7
GBM965,4,CTRL,r06,6,2000,12
GBM965,4,CTRL,r01,6,2000,13
GBM965,4,FBS,r01,6,2000,9
GBM965,4,BMP4,r01,6,2000,4
GBM965,4,MSC-EV,r01,6,2000,7
GBM965,4,MSC-BMP4,r01,6,2000,9
QNS120,2,BMP4,r04,2,500,2
QNS120,2,BMP4,r05,2,500,2
QNS120,2,BMP4,r06,2,500,1
QNS120,3,CTRL,r01,4,2000,3
QNS120,2,CTRL,r02,4,2000,2
QNS120,3,CTRL,r03,4,2000,2
QNS120,2,CTRL,r04,4,2000,1
QNS120,3,CTRL,r05,4,2000,2
QNS120,2,CTRL,r06,4,2000,1
QNS120,3,CTRL,r01,5,4000,2
GBM965,4,MSC-BMP4,r04,6,2000,7
GBM965,4,MSC-EV,r04,6,2000,9
GBM965,4,BMP4,r04,6,2000,4
GBM965,4,FBS,r04,6,2000,7
GBM965,4,CTRL,r04,6,2000,5
GBM965,4,CTRL,r05,6,2000,5
GBM965,4,FBS,r05,6,2000,8
GBM965,4,BMP4,r05,6,2000,2
GBM965,4,MSC-EV,r05,6,2000,6
GBM965,4,MSC-BMP4,r05,6,2000,14
QNS120,2,CTRL,r02,5,4000,3
QNS120,3,CTRL,r03,5,4000,3
QNS120,2,CTRL,r04,5,4000,2
QNS120,3,CTRL,r05,5,4000,2
QNS120,2,CTRL,r06,5,4000,3
QNS120,3,CTRL,r01,6,8000,5
QNS120,2,CTRL,r02,6,8000,4
QNS120,3,CTRL,r03,6,8000,7
QNS120,2,CTRL,r04,6,8000,7
QNS120,3,CTRL,r05,6,8000,8
GBM965,4,MSC-BMP4,r02,4,1000,13
GBM965,4,MSC-EV,r02,4,1000,7
GBM965,4,BMP4,r02,4,1000,6
GBM965,4,FBS,r02,4,1000,11
GBM965,4,CTRL,r02,4,1000,9
GBM965,4,CTRL,r03,4,1000,7
GBM965,4,FBS,r03,4,1000,11
GBM965,4,BMP4,r03,4,1000,7
GBM965,4,MSC-EV,r03,4,1000,6
GBM965,4,MSC-BMP4,r03,4,1000,12
QNS120,2,CTRL,r06,6,8000,6
QNS120,2,MSC-EV,r01,6,2000,4
QNS120,2,MSC-EV,r02,6,2000,3
QNS120,2,MSC-EV,r03,6,2000,2
QNS120,2,MSC-EV,r04,6,2000,2
QNS120,2,MSC-EV,r05,6,2000,2
QNS120,2,MSC-EV,r06,6,2000,2
QNS120,2,MSC-EV,r01,4,1000,2
QNS120,2,MSC-EV,r02,4,1000,1
QNS120,2,MSC-EV,r03,4,1000,2
GBM965,4,MSC-BMP4,r06,4,1000,14
GBM965,4,MSC-EV,r06,4,1000,9
GBM965,4,BMP4,r06,4,1000,9
GBM965,4,FBS,r06,4,1000,6
GBM965,4,CTRL,r06,4,1000,5
GBM965,4,CTRL,r01,4,1000,6
GBM965,4,BMP4,r01,4,1000,8
GBM965,4,MSC-EV,r01,4,1000,12
GBM965,4,MSC-BMP4,r01,4,1000,14
QNS120,2,MSC-EV,r04,4,1000,1
QNS120,2,MSC-EV,r05,4,1000,3
QNS120,2,MSC-EV,r06,4,1000,3
QNS120,2,BMP4,r01,2,500,2
QNS120,2,BMP4,r03,2,500,1
QNS120,2,BMP4,r05,2,500,1
QNS120,2,CTRL,r01,2,500,2
QNS120,2,CTRL,r02,2,500,1
QNS120,2,CTRL,r03,2,500,2
QNS120,2,MSC-EV,r01,0,250,1
GBM965,4,MSC-BMP4,r04,4,1000,11
GBM965,4,MSC-EV,r04,4,1000,8
GBM965,4,BMP4,r04,4,1000,5
GBM965,4,FBS,r04,4,1000,12
GBM965,4,CTRL,r04,4,1000,4
GBM965,4,CTRL,r05,4,1000,5
GBM965,4,FBS,r05,4,1000,13
GBM965,4,BMP4,r05,4,1000,6
GBM965,4,MSC-EV,r05,4,1000,9
GBM965,4,MSC-BMP4,r05,4,1000,11
QNS120,2,MSC-EV,r02,0,250,1
QNS120,2,MSC-EV,r03,0,250,1
QNS120,2,MSC-EV,r04,0,250,2
QNS120,2,MSC-EV,r05,0,250,1
QNS120,2,MSC-EV,r06,0,250,1
QNS120,1,MSC-EV,r01,6,2000,2
QNS120,1,MSC-EV,r04,6,2000,1
QNS120,1,MSC-EV,r05,6,2000,1
QNS120,1,MSC-EV,r02,6,2000,3
QNS120,1,MSC-EV,r03,6,2000,2
GBM965,4,MSC-BMP4,r02,2,500,13
GBM965,4,MSC-EV,r02,2,500,8
GBM965,4,BMP4,r02,2,500,12
GBM965,4,CTRL,r02,2,500,8
GBM965,4,CTRL,r03,2,500,8
GBM965,4,FBS,r03,2,500,8
GBM965,4,BMP4,r03,2,500,7
GBM965,4,MSC-EV,r03,2,500,5
GBM965,4,MSC-BMP4,r03,2,500,11
QNS120,1,MSC-EV,r06,6,2000,2
QNS120,1,MSC-EV,r01,4,1000,1
QNS120,1,MSC-EV,r04,4,1000,2
QNS120,1,MSC-EV,r05,4,1000,1
QNS120,1,MSC-EV,r02,4,1000,1
QNS120,1,MSC-EV,r03,4,1000,1
QNS120,1,MSC-EV,r06,4,1000,2
QNS120,2,CTRL,r04,2,500,1
QNS120,2,CTRL,r05,2,500,2
QNS120,2,CTRL,r06,2,500,1
GBM965,4,MSC-BMP4,r06,2,500,11
GBM965,4,BMP4,r06,2,500,8
GBM965,4,FBS,r06,2,500,13
GBM965,4,CTRL,r06,2,500,9
GBM965,4,CTRL,r01,2,500,11
GBM965,4,BMP4,r01,2,500,7
GBM965,4,MSC-EV,r01,2,500,9
GBM965,4,MSC-BMP4,r01,2,500,19
QNS120,2,CTRL,r02,2,500,1
QNS120,2,CTRL,r04,2,500,2
QNS120,2,CTRL,r06,2,500,1
QNS120,1,MSC-EV,r01,0,250,2
QNS120,1,MSC-EV,r04,0,250,1
QNS120,1,MSC-EV,r05,0,250,1
QNS120,1,MSC-EV,r02,0,250,1
QNS120,1,MSC-EV,r03,0,250,1
QNS120,1,MSC-EV,r06,0,250,1
GBM965,4,MSC-BMP4,r04,2,500,11
GBM965,4,MSC-EV,r04,2,500,9
GBM965,4,BMP4,r04,2,500,13
GBM965,4,FBS,r04,2,500,15
GBM965,4,CTRL,r04,2,500,9
GBM965,4,CTRL,r05,2,500,7
GBM965,4,FBS,r05,2,500,14
GBM965,4,BMP4,r05,2,500,9
GBM965,4,MSC-BMP4,r05,2,500,13
QNS120,2,FBS,r02,6,2000,2
QNS120,2,FBS,r03,6,2000,3
QNS120,2,FBS,r04,6,2000,2
QNS120,2,FBS,r05,6,2000,3
QNS120,2,FBS,r06,6,2000,2
QNS120,2,FBS,r01,4,1000,2
QNS120,2,FBS,r02,4,1000,3
QNS120,2,FBS,r03,4,1000,3
QNS120,2,FBS,r04,4,1000,1
QNS120,2,FBS,r05,4,1000,2
GBM965,4,MSC-BMP4,r02,0,250,3
GBM965,4,MSC-EV,r02,0,250,5
GBM965,4,BMP4,r02,0,250,5
GBM965,4,FBS,r02,0,250,9
GBM965,4,CTRL,r02,0,250,6
GBM965,4,CTRL,r03,0,250,4
GBM965,4,BMP4,r03,0,250,7
GBM965,4,MSC-EV,r03,0,250,3
GBM965,4,MSC-BMP4,r03,0,250,5
QNS120,2,MSC-EV,r01,2,500,1
QNS120,2,MSC-EV,r02,2,500,1
QNS120,2,MSC-EV,r03,2,500,2
QNS120,2,MSC-EV,r04,2,500,2
QNS120,2,MSC-EV,r05,2,500,2
QNS120,2,MSC-EV,r06,2,500,1
QNS120,2,FBS,r01,0,250,1
QNS120,2,FBS,r02,0,250,1
QNS120,2,FBS,r03,0,250,1
GBM965,4,MSC-EV,r06,0,250,7
GBM965,4,BMP4,r06,0,250,3
GBM965,4,FBS,r06,0,250,9
GBM965,4,CTRL,r06,0,250,6
GBM965,4,CTRL,r01,0,250,5
GBM965,4,FBS,r01,0,250,7
GBM965,4,BMP4,r01,0,250,7
GBM965,4,MSC-EV,r01,0,250,6
GBM965,4,MSC-BMP4,r01,0,250,5
QNS120,2,FBS,r04,0,250,1
QNS120,2,FBS,r05,0,250,1
QNS120,2,FBS,r06,0,250,1
QNS120,1,FBS,r02,6,2000,1
QNS120,1,FBS,r03,6,2000,2
QNS120,1,FBS,r06,6,2000,1
QNS120,1,FBS,r01,4,1000,1
GBM965,4,MSC-BMP4,r04,0,250,9
GBM965,4,MSC-EV,r04,0,250,4
GBM965,4,BMP4,r04,0,250,5
GBM965,4,FBS,r04,0,250,6
GBM965,4,CTRL,r04,0,250,4
GBM965,4,CTRL,r05,0,250,3
GBM965,4,FBS,r05,0,250,6
GBM965,4,BMP4,r05,0,250,8
GBM965,4,MSC-EV,r05,0,250,5
GBM965,4,MSC-BMP4,r05,0,250,9
QNS120,1,FBS,r04,4,1000,1
QNS120,1,FBS,r05,4,1000,1
QNS120,1,FBS,r02,4,1000,1
GBM626,2,BMP4,r01,0,250,2
GBM626,2,BMP4,r04,0,250,5
GBM626,2,BMP4,r05,0,250,7
GBM626,2,BMP4,r02,0,250,5
GBM626,2,BMP4,r03,0,250,3
GBM549,1,FBS,r02,6,2000,2
GBM549,1,CTRL,r03,6,2000,1
GBM549,1,FBS,r03,6,2000,4
GBM626,2,BMP4,r06,0,250,4
GBM626,2,BMP4,r01,2,500,4
GBM626,2,BMP4,r05,2,500,2
GBM626,2,BMP4,r02,2,500,4
GBM626,2,BMP4,r03,2,500,2
GBM626,2,BMP4,r06,2,500,1
GBM626,2,BMP4,r04,4,1000,1
GBM626,2,BMP4,r05,4,1000,2
GBM549,1,CTRL,r01,6,2000,1
GBM549,1,FBS,r01,6,2000,1
GBM549,1,BMP4,r01,6,2000,1
GBM626,2,BMP4,r03,4,1000,1
GBM626,2,BMP4,r06,4,1000,1
GBM626,2,BMP4,r04,6,2000,1
GBM626,2,BMP4,r02,6,2000,1
GBM626,2,BMP4,r06,6,2000,1
GBM626,2,CTRL,r01,0,250,8
GBM549,1,MSC-BMP4,r04,6,2000,1
GBM549,1,CTRL,r04,6,2000,5
GBM626,2,CTRL,r04,0,250,9
GBM626,2,CTRL,r05,0,250,9
GBM626,2,CTRL,r02,0,250,7
GBM626,2,CTRL,r06,0,250,9
GBM626,2,CTRL,r01,2,500,15
GBM626,2,CTRL,r04,2,500,7
GBM626,2,CTRL,r05,2,500,6
GBM626,2,CTRL,r02,2,500,7
GBM626,2,CTRL,r03,2,500,13
GBM549,1,MSC-BMP4,r02,4,1000,2
GBM549,1,BMP4,r02,4,1000,3
GBM549,1,FBS,r02,4,1000,1
GBM549,1,CTRL,r02,4,1000,2
GBM549,1,CTRL,r03,4,1000,4
GBM549,1,BMP4,r03,4,1000,2
GBM549,1,MSC-EV,r03,4,1000,3
GBM626,2,CTRL,r06,2,500,8
GBM626,2,CTRL,r04,4,1000,4
GBM626,2,CTRL,r05,4,1000,4
GBM626,2,CTRL,r02,4,1000,6
GBM626,2,CTRL,r03,4,1000,7
GBM626,2,CTRL,r06,4,1000,5
GBM626,2,CTRL,r01,6,2000,1
GBM626,2,CTRL,r04,6,2000,1
GBM626,2,CTRL,r05,6,2000,2
GBM549,1,MSC-BMP4,r06,4,1000,2
GBM549,1,BMP4,r06,4,1000,1
GBM549,1,FBS,r06,4,1000,4
GBM549,1,CTRL,r06,4,1000,3
GBM549,1,CTRL,r01,4,1000,4
GBM549,1,FBS,r01,4,1000,3
GBM549,1,BMP4,r01,4,1000,5
GBM549,1,MSC-EV,r01,4,1000,2
GBM549,1,MSC-BMP4,r01,4,1000,1
GBM626,2,CTRL,r02,6,2000,1
GBM626,2,CTRL,r03,6,2000,8
GBM626,2,CTRL,r06,6,2000,3
GBM626,2,MSC-EV,r01,0,250,5
GBM626,2,MSC-EV,r04,0,250,5
GBM626,2,MSC-EV,r05,0,250,8
GBM626,2,MSC-EV,r03,0,250,7
GBM626,2,MSC-EV,r06,0,250,6
GBM626,2,MSC-EV,r01,2,500,2
GBM549,1,MSC-BMP4,r04,4,1000,2
GBM549,1,MSC-EV,r04,4,1000,3
GBM549,1,BMP4,r04,4,1000,2
GBM549,1,FBS,r04,4,1000,3
GBM549,1,CTRL,r04,4,1000,5
GBM549,1,CTRL,r05,4,1000,8
GBM549,1,FBS,r05,4,1000,3
GBM549,1,BMP4,r05,4,1000,5
GBM626,2,MSC-EV,r04,2,500,1
GBM626,2,MSC-EV,r06,2,500,3
GBM549,1,MSC-BMP4,r02,2,500,2
GBM549,1,MSC-EV,r02,2,500,2
GBM549,1,BMP4,r02,2,500,4
GBM549,1,FBS,r02,2,500,6
GBM549,1,CTRL,r02,2,500,4
GBM549,1,CTRL,r03,2,500,5
GBM549,1,FBS,r03,2,500,3
GBM549,1,BMP4,r03,2,500,6
GBM549,1,MSC-EV,r03,2,500,2
GBM549,1,MSC-BMP4,r03,2,500,1
GBM626,2,MSC-EV,r06,4,1000,1
GBM626,2,MSC-EV,r05,6,2000,1
GBM626,2,MSC-EV,r03,6,2000,1
GBM626,2,MSC-EV,r06,6,2000,1
GBM626,2,FBS,r01,0,250,17
GBM626,2,FBS,r05,0,250,13
GBM549,1,MSC-BMP4,r06,2,500,3
GBM549,1,MSC-EV,r06,2,500,1
GBM549,1,BMP4,r06,2,500,5
GBM549,1,FBS,r06,2,500,6
GBM549,1,CTRL,r06,2,500,6
GBM549,1,CTRL,r01,2,500,5
GBM549,1,FBS,r01,2,500,4
GBM549,1,BMP4,r01,2,500,6
GBM549,1,MSC-EV,r01,2,500,1
GBM549,1,MSC-BMP4,r01,2,500,2
GBM626,2,FBS,r02,0,250,15
GBM626,2,FBS,r03,0,250,11
GBM626,2,FBS,r06,0,250,11
GBM626,2,FBS,r01,2,500,17
GBM626,2,FBS,r04,2,500,12
GBM626,2,FBS,r05,2,500,14
GBM626,2,FBS,r02,2,500,17
GBM626,2,FBS,r03,2,500,7
GBM626,2,FBS,r06,2,500,14
GBM626,2,FBS,r01,4,1000,5
GBM549,1,MSC-BMP4,r04,2,500,3
GBM549,1,MSC-EV,r04,2,500,4
GBM549,1,BMP4,r04,2,500,4
GBM549,1,FBS,r04,2,500,4
GBM549,1,CTRL,r04,2,500,4
GBM549,1,CTRL,r05,2,500,5
GBM549,1,FBS,r05,2,500,5
GBM549,1,BMP4,r05,2,500,1
GBM549,1,MSC-EV,r05,2,500,4
GBM549,1,MSC-BMP4,r05,2,500,6
GBM626,2,FBS,r04,4,1000,8
GBM626,2,FBS,r05,4,1000,6
GBM626,2,FBS,r02,4,1000,8
GBM626,2,FBS,r03,4,1000,9
GBM626,2,FBS,r06,4,1000,7
GBM626,2,FBS,r01,6,2000,3
GBM626,2,FBS,r04,6,2000,2
GBM626,2,FBS,r05,6,2000,2
GBM626,2,FBS,r02,6,2000,4
GBM626,2,FBS,r03,6,2000,3
GBM549,1,MSC-BMP4,r02,0,250,6
GBM549,1,MSC-EV,r02,0,250,5
GBM549,1,BMP4,r02,0,250,7
GBM549,1,FBS,r02,0,250,9
GBM549,1,CTRL,r02,0,250,5
GBM549,1,CTRL,r03,0,250,5
GBM549,1,FBS,r03,0,250,4
GBM549,1,BMP4,r03,0,250,6
GBM549,1,MSC-EV,r03,0,250,6
GBM549,1,MSC-BMP4,r03,0,250,3
GBM626,2,FBS,r06,6,2000,3
GBM626,2,MSC-BMP4,r01,0,250,14
GBM626,2,MSC-BMP4,r04,0,250,12
GBM626,2,MSC-BMP4,r05,0,250,9
GBM626,2,MSC-BMP4,r02,0,250,8
GBM626,2,MSC-BMP4,r03,0,250,8
GBM626,2,MSC-BMP4,r06,0,250,13
GBM626,2,MSC-BMP4,r01,2,500,3
GBM626,2,MSC-BMP4,r04,2,500,4
GBM549,1,MSC-BMP4,r06,0,250,2
GBM549,1,MSC-EV,r06,0,250,6
GBM549,1,BMP4,r06,0,250,4
GBM549,1,FBS,r06,0,250,7
GBM549,1,CTRL,r06,0,250,9
GBM549,1,CTRL,r01,0,250,4
GBM549,1,FBS,r01,0,250,7
GBM549,1,BMP4,r01,0,250,8
GBM549,1,MSC-EV,r01,0,250,7
GBM549,1,MSC-BMP4,r01,0,250,4
GBM626,2,MSC-BMP4,r02,2,500,1
GBM626,2,MSC-BMP4,r03,2,500,1
GBM626,2,MSC-BMP4,r06,2,500,2
GBM626,2,MSC-BMP4,r04,4,1000,2
GBM626,2,MSC-BMP4,r05,4,1000,1
GBM626,2,MSC-BMP4,r06,4,1000,2
GBM549,1,MSC-BMP4,r04,0,250,3
GBM549,1,MSC-EV,r04,0,250,2
GBM549,1,BMP4,r04,0,250,4
GBM549,1,FBS,r04,0,250,5
GBM549,1,CTRL,r04,0,250,4
GBM549,1,CTRL,r05,0,250,7
GBM549,1,FBS,r05,0,250,7
GBM549,1,BMP4,r05,0,250,3
GBM549,1,MSC-EV,r05,0,250,4
GBM549,1,MSC-BMP4,r05,0,250,3
GBM626,2,MSC-BMP4,r02,6,2000,1
GBM549,2,CTRL,r01,0,250,6
GBM549,2,BMP4,r01,0,250,1
GBM549,2,MSC-EV,r01,0,250,1
GBM549,2,MSC-BMP4,r01,0,250,2
GBM549,2,MSC-EV,r02,0,250,3
GBM549,2,FBS,r02,0,250,3
GBM549,2,CTRL,r02,0,250,2
GBM549,2,CTRL,r03,0,250,4
GBM549,2,FBS,r03,0,250,1
GBM549,2,BMP4,r03,0,250,4
GBM549,2,MSC-BMP4,r03,0,250,3
GBM549,2,MSC-BMP4,r04,0,250,4
GBM549,2,MSC-EV,r04,0,250,3
GBM549,2,BMP4,r04,0,250,1
GBM549,2,CTRL,r04,0,250,3
GBM549,2,CTRL,r05,0,250,1
GBM549,2,FBS,r05,0,250,2
GBM549,2,BMP4,r05,0,250,2
GBM549,2,MSC-EV,r05,0,250,4
GBM549,2,MSC-BMP4,r05,0,250,1
GBM549,2,MSC-BMP4,r06,0,250,2
GBM549,2,MSC-EV,r06,0,250,1
GBM549,2,BMP4,r06,0,250,4
GBM549,2,FBS,r06,0,250,2
GBM549,2,CTRL,r06,0,250,2
GBM549,2,CTRL,r01,0,250,2
GBM549,2,FBS,r01,0,250,1
GBM549,2,BMP4,r01,0,250,1
GBM549,2,MSC-BMP4,r01,0,250,1
GBM549,2,MSC-BMP4,r02,0,250,1
GBM549,2,BMP4,r02,0,250,1
GBM549,2,CTRL,r02,0,250,2
GBM549,2,CTRL,r03,0,250,2
GBM549,2,FBS,r03,0,250,1
GBM549,2,BMP4,r03,0,250,1
GBM549,2,MSC-EV,r03,0,250,2
GBM549,2,MSC-BMP4,r03,0,250,3
GBM549,2,MSC-BMP4,r04,0,250,5
GBM549,2,MSC-EV,r04,0,250,1
GBM549,2,BMP4,r04,0,250,2
GBM549,2,FBS,r04,0,250,2
GBM549,2,CTRL,r04,0,250,2
GBM549,2,CTRL,r05,0,250,1
GBM549,2,FBS,r05,0,250,3
GBM549,2,BMP4,r05,0,250,3
GBM549,2,MSC-EV,r05,0,250,1
GBM549,2,MSC-BMP4,r05,0,250,3
GBM549,2,MSC-EV,r06,0,250,3
GBM549,2,CTRL,r06,0,250,2
GBM549,2,CTRL,r01,6,2000,2
GBM549,2,BMP4,r01,6,2000,6
GBM549,2,MSC-EV,r01,6,2000,1
GBM549,2,MSC-BMP4,r02,6,2000,2
GBM549,2,MSC-EV,r02,6,2000,2
GBM549,2,BMP4,r02,6,2000,1
GBM549,2,FBS,r02,6,2000,4
GBM549,2,CTRL,r02,6,2000,2
GBM549,2,BMP4,r03,6,2000,2
GBM549,2,MSC-BMP4,r03,6,2000,1
GBM549,2,MSC-BMP4,r04,6,2000,1
GBM549,2,MSC-EV,r04,6,2000,2
GBM549,2,FBS,r04,6,2000,1
GBM549,2,CTRL,r05,6,2000,2
GBM549,2,FBS,r05,6,2000,3
GBM549,2,BMP4,r05,6,2000,6
GBM549,2,MSC-EV,r05,6,2000,1
GBM549,2,MSC-BMP4,r05,6,2000,1
GBM549,2,MSC-BMP4,r06,6,2000,3
GBM549,2,BMP4,r06,6,2000,4
GBM549,2,FBS,r06,6,2000,2
GBM549,2,CTRL,r06,6,2000,5
GBM549,2,BMP4,r01,6,2000,1
GBM549,2,MSC-BMP4,r01,6,2000,2
GBM549,2,MSC-BMP4,r02,6,2000,3
GBM549,2,MSC-EV,r02,6,2000,4
GBM549,2,BMP4,r02,6,2000,1
GBM549,2,FBS,r02,6,2000,1
GBM549,2,CTRL,r02,6,2000,3
GBM549,2,CTRL,r03,6,2000,2
GBM549,2,FBS,r03,6,2000,3
GBM549,2,BMP4,r03,6,2000,3
GBM549,2,MSC-EV,r03,6,2000,1
GBM549,2,MSC-BMP4,r03,6,2000,1
GBM549,2,MSC-BMP4,r04,6,2000,3
GBM549,2,MSC-EV,r04,6,2000,1
GBM549,2,BMP4,r04,6,2000,1
GBM549,2,FBS,r04,6,2000,2
GBM549,2,CTRL,r04,6,2000,1
GBM549,2,CTRL,r05,6,2000,1
GBM549,2,FBS,r05,6,2000,2
GBM549,2,MSC-BMP4,r05,6,2000,3
GBM549,2,MSC-BMP4,r06,6,2000,2
GBM549,2,MSC-EV,r06,6,2000,1
GBM549,2,BMP4,r06,6,2000,1
GBM549,2,FBS,r06,6,2000,1
GBM549,2,CTRL,r06,6,2000,6
GBM549,2,CTRL,r01,4,1000,2
GBM549,2,FBS,r01,4,1000,2
GBM549,2,BMP4,r01,4,1000,3
GBM549,2,MSC-EV,r01,4,1000,2
GBM549,2,MSC-BMP4,r01,4,1000,2
GBM549,2,MSC-BMP4,r02,4,1000,8
GBM549,2,MSC-EV,r02,4,1000,16
GBM549,2,BMP4,r02,4,1000,9
GBM549,2,FBS,r02,4,1000,16
GBM549,2,CTRL,r02,4,1000,8
GBM549,2,CTRL,r03,4,1000,9
GBM549,2,FBS,r03,4,1000,8
GBM549,2,BMP4,r03,4,1000,9
GBM549,2,MSC-EV,r03,4,1000,11
GBM549,2,MSC-BMP4,r03,4,1000,9
GBM549,2,MSC-BMP4,r04,4,1000,1
GBM549,2,MSC-EV,r04,4,1000,1
GBM549,2,BMP4,r04,4,1000,1
GBM549,2,FBS,r04,4,1000,3
GBM549,2,CTRL,r04,4,1000,2
GBM549,2,CTRL,r05,4,1000,4
GBM549,2,FBS,r05,4,1000,3
GBM549,2,BMP4,r05,4,1000,1
GBM549,2,MSC-EV,r05,4,1000,2
GBM549,2,MSC-BMP4,r05,4,1000,2
GBM549,2,MSC-BMP4,r06,4,1000,5
GBM549,2,MSC-EV,r06,4,1000,6
GBM549,2,BMP4,r06,4,1000,12
GBM549,2,FBS,r06,4,1000,9
GBM549,2,CTRL,r01,4,1000,11
GBM549,2,FBS,r01,4,1000,11
GBM549,2,BMP4,r01,4,1000,7
GBM549,2,MSC-EV,r01,4,1000,12
GBM549,2,MSC-BMP4,r01,4,1000,6
GBM549,2,MSC-BMP4,r02,4,1000,1
GBM549,2,MSC-EV,r02,4,1000,1
GBM549,2,BMP4,r02,4,1000,1
GBM549,2,FBS,r02,4,1000,1
GBM549,2,CTRL,r02,4,1000,3
GBM549,2,CTRL,r03,4,1000,4
GBM549,2,FBS,r03,4,1000,2
GBM549,2,BMP4,r03,4,1000,2
GBM549,2,MSC-EV,r03,4,1000,3
GBM549,2,MSC-BMP4,r03,4,1000,2
GBM549,2,MSC-EV,r04,4,1000,9
GBM549,2,BMP4,r04,4,1000,8
GBM549,2,FBS,r04,4,1000,12
GBM549,2,CTRL,r04,4,1000,9
GBM549,2,CTRL,r05,4,1000,11
GBM549,2,FBS,r05,4,1000,15
GBM549,2,BMP4,r05,4,1000,11
GBM549,2,MSC-EV,r05,4,1000,12
GBM549,2,MSC-BMP4,r05,4,1000,11
GBM549,2,MSC-BMP4,r06,4,1000,1
GBM549,2,MSC-EV,r06,4,1000,3
GBM549,2,BMP4,r06,4,1000,1
GBM549,2,FBS,r06,4,1000,5
GBM549,2,CTRL,r06,4,1000,1
GBM549,2,CTRL,r01,2,500,1
GBM549,2,FBS,r01,2,500,1
GBM549,2,BMP4,r01,2,500,1
GBM549,2,MSC-EV,r01,2,500,4
GBM549,2,MSC-BMP4,r01,2,500,4
GBM549,2,MSC-BMP4,r02,2,500,1
GBM549,2,MSC-EV,r02,2,500,1
GBM549,2,FBS,r02,2,500,1
GBM549,2,CTRL,r02,2,500,3
GBM549,2,CTRL,r03,2,500,4
GBM549,2,FBS,r03,2,500,6
GBM549,2,BMP4,r03,2,500,2
GBM549,2,MSC-EV,r03,2,500,1
GBM549,2,MSC-BMP4,r03,2,500,2
GBM549,2,MSC-BMP4,r04,2,500,4
GBM549,2,MSC-EV,r04,2,500,8
GBM549,2,BMP4,r04,2,500,6
GBM549,2,FBS,r04,2,500,1
GBM549,2,CTRL,r04,2,500,1
GBM549,2,CTRL,r05,2,500,2
GBM549,2,BMP4,r05,2,500,3
GBM549,2,MSC-EV,r05,2,500,6
GBM549,2,MSC-BMP4,r05,2,500,1
GBM549,2,MSC-BMP4,r06,2,500,3
GBM549,2,MSC-EV,r06,2,500,2
GBM549,2,BMP4,r06,2,500,1
GBM549,2,FBS,r06,2,500,5
GBM549,2,CTRL,r07,2,500,6
GBM549,2,FBS,r07,2,500,2
GBM549,2,BMP4,r07,2,500,2
GBM549,2,MSC-EV,r07,2,500,1
GBM549,2,MSC-BMP4,r07,2,500,2
GBM549,2,MSC-BMP4,r08,2,500,1
GBM549,2,MSC-EV,r08,2,500,3
GBM549,2,FBS,r08,2,500,2
GBM549,2,CTRL,r08,2,500,2
GBM549,2,CTRL,r09,2,500,3
GBM549,2,BMP4,r09,2,500,2
GBM549,2,MSC-EV,r09,2,500,2
GBM549,2,MSC-BMP4,r09,2,500,1
GBM549,2,MSC-BMP4,r10,2,500,3
GBM549,2,MSC-EV,r10,2,500,2
GBM549,2,BMP4,r10,2,500,1
GBM549,2,FBS,r10,2,500,1
GBM549,2,CTRL,r10,2,500,4
GBM549,2,FBS,r11,2,500,5
GBM549,2,BMP4,r11,2,500,1
GBM549,2,MSC-EV,r11,2,500,2
GBM549,2,MSC-BMP4,r12,2,500,1
GBM549,2,MSC-EV,r12,2,500,3
GBM549,2,BMP4,r12,2,500,1
GBM549,2,FBS,r12,2,500,2
GBM549,2,CTRL,r12,2,500,2
GBM965,6,CTRL,r01,0,500,16
GBM965,6,CTRL,r02,0,500,16
GBM965,6,CTRL,r03,0,500,7
GBM965,6,CTRL,r04,0,500,6
GBM965,6,CTRL,r05,0,500,7
GBM965,6,CTRL,r06,0,500,9
GBM965,6,CTRL,r07,0,500,8
GBM965,6,CTRL,r09,0,500,14
GBM965,6,CTRL,r10,0,500,22
GBM965,6,FBS,r01,0,500,13
GBM965,6,FBS,r02,0,500,7
GBM965,6,FBS,r03,0,500,3
GBM965,6,FBS,r04,0,500,8
GBM965,6,FBS,r05,0,500,2
GBM965,6,FBS,r06,0,500,2
GBM965,6,FBS,r07,0,500,4
GBM965,6,FBS,r08,0,500,5
GBM965,6,FBS,r09,0,500,7
GBM965,6,FBS,r10,0,500,5
GBM965,6,BMP4,r01,0,500,7
GBM965,6,BMP4,r02,0,500,11
GBM965,6,BMP4,r04,0,500,9
GBM965,6,BMP4,r05,0,500,11
GBM965,6,BMP4,r06,0,500,5
GBM965,6,BMP4,r07,0,500,7
GBM965,6,BMP4,r08,0,500,13
GBM965,6,BMP4,r09,0,500,11
GBM965,6,BMP4,r10,0,500,18
GBM965,6,MSC-EV,r03,0,500,7
GBM965,6,MSC-EV,r05,0,500,5
GBM965,6,MSC-EV,r06,0,500,13
GBM965,6,MSC-EV,r07,0,500,11
GBM965,6,MSC-EV,r08,0,500,11
GBM965,6,MSC-EV,r09,0,500,12
GBM965,6,MSC-EV,r10,0,500,8
GBM965,6,MSC-BMP4,r01,0,500,6
GBM965,6,MSC-BMP4,r02,0,500,8
GBM965,6,MSC-BMP4,r03,0,500,6
GBM965,6,MSC-BMP4,r04,0,500,6
GBM965,6,MSC-BMP4,r05,0,500,5
GBM965,6,MSC-BMP4,r06,0,500,7
GBM965,6,MSC-BMP4,r07,0,500,4
GBM965,6,MSC-BMP4,r09,0,500,6
GBM965,6,MSC-BMP4,r10,0,500,11
GBM965,6,CTRL,r01,2,1000,18
GBM965,6,CTRL,r02,2,1000,27
GBM965,6,CTRL,r03,2,1000,24
GBM965,6,CTRL,r06,2,1000,28
GBM965,6,CTRL,r07,2,1000,29
GBM965,6,CTRL,r08,2,1000,22
GBM965,6,CTRL,r09,2,1000,27
GBM965,6,CTRL,r10,2,1000,28
GBM965,6,FBS,r01,2,1000,32
GBM965,6,FBS,r02,2,1000,17
GBM965,6,FBS,r04,2,1000,19
GBM965,6,FBS,r05,2,1000,17
GBM965,6,FBS,r07,2,1000,17
GBM965,6,FBS,r08,2,1000,22
GBM965,6,FBS,r10,2,1000,23
GBM965,6,BMP4,r01,2,1000,19
GBM965,6,BMP4,r02,2,1000,17
GBM965,6,BMP4,r03,2,1000,24
GBM965,6,BMP4,r04,2,1000,17
GBM965,6,BMP4,r06,2,1000,12
GBM965,6,BMP4,r07,2,1000,22
GBM965,6,BMP4,r09,2,1000,29
GBM965,6,BMP4,r10,2,1000,39
GBM965,6,MSC-EV,r01,2,1000,45
GBM965,6,MSC-EV,r02,2,1000,32
GBM965,6,MSC-EV,r03,2,1000,25
GBM965,6,MSC-EV,r04,2,1000,15
GBM965,6,MSC-EV,r05,2,1000,15
GBM965,6,MSC-EV,r06,2,1000,19
GBM965,6,MSC-EV,r07,2,1000,27
GBM965,6,MSC-EV,r10,2,1000,13
GBM965,6,MSC-BMP4,r01,2,1000,17
GBM965,6,MSC-BMP4,r02,2,1000,16
GBM965,6,MSC-BMP4,r03,2,1000,18
GBM965,6,MSC-BMP4,r04,2,1000,12
GBM965,6,MSC-BMP4,r05,2,1000,12
GBM965,6,MSC-BMP4,r06,2,1000,12
GBM965,6,MSC-BMP4,r07,2,1000,9
GBM965,6,MSC-BMP4,r08,2,1000,9
GBM965,6,MSC-BMP4,r09,2,1000,16
GBM965,6,MSC-BMP4,r10,2,1000,15
GBM965,6,CTRL,r01,4,2000,22
GBM965,6,CTRL,r03,4,2000,21
GBM965,6,CTRL,r04,4,2000,24
GBM965,6,CTRL,r05,4,2000,33
GBM965,6,CTRL,r07,4,2000,33
GBM965,6,CTRL,r08,4,2000,33
GBM965,6,CTRL,r09,4,2000,35
GBM965,6,CTRL,r10,4,2000,46
GBM965,6,FBS,r01,4,2000,46
GBM965,6,FBS,r02,4,2000,33
GBM965,6,FBS,r03,4,2000,21
GBM965,6,FBS,r04,4,2000,22
GBM965,6,FBS,r05,4,2000,28
GBM965,6,FBS,r06,4,2000,32
GBM965,6,FBS,r07,4,2000,18
GBM965,6,FBS,r08,4,2000,24
GBM965,6,FBS,r10,4,2000,33
GBM965,6,BMP4,r01,4,2000,25
GBM965,6,BMP4,r02,4,2000,24
GBM965,6,BMP4,r05,4,2000,32
GBM965,6,BMP4,r06,4,2000,41
GBM965,6,BMP4,r07,4,2000,29
GBM965,6,BMP4,r08,4,2000,34
GBM965,6,BMP4,r09,4,2000,43
GBM965,6,BMP4,r10,4,2000,37
GBM965,6,MSC-EV,r01,4,2000,51
GBM965,6,MSC-EV,r03,4,2000,29
GBM965,6,MSC-EV,r04,4,2000,38
GBM965,6,MSC-EV,r05,4,2000,36
GBM965,6,MSC-EV,r06,4,2000,42
GBM965,6,MSC-EV,r07,4,2000,29
GBM965,6,MSC-EV,r08,4,2000,27
GBM965,6,MSC-EV,r09,4,2000,28
GBM965,6,MSC-EV,r10,4,2000,25
GBM965,6,MSC-BMP4,r01,4,2000,21
GBM965,6,MSC-BMP4,r02,4,2000,23
GBM965,6,MSC-BMP4,r03,4,2000,22
GBM965,6,MSC-BMP4,r06,4,2000,12
GBM965,6,MSC-BMP4,r07,4,2000,14
GBM965,6,MSC-BMP4,r08,4,2000,18
GBM965,6,MSC-BMP4,r09,4,2000,32
GBM965,6,MSC-BMP4,r10,4,2000,34
GBM965,6,CTRL,r01,5,4000,29
GBM965,6,CTRL,r02,5,4000,42
GBM965,6,CTRL,r03,5,4000,28
GBM965,6,CTRL,r04,5,4000,32
GBM965,6,CTRL,r05,5,4000,33
GBM965,6,CTRL,r06,5,4000,27
GBM965,6,CTRL,r08,5,4000,37
GBM965,6,CTRL,r09,5,4000,39
GBM965,6,CTRL,r10,5,4000,59
GBM965,6,FBS,r02,5,4000,43
GBM965,6,FBS,r03,5,4000,46
GBM965,6,FBS,r04,5,4000,34
GBM965,6,FBS,r05,5,4000,26
GBM965,6,FBS,r06,5,4000,26
GBM965,6,FBS,r07,5,4000,27
GBM965,6,FBS,r08,5,4000,19
GBM965,6,FBS,r09,5,4000,24
GBM965,6,FBS,r10,5,4000,26
GBM965,6,BMP4,r01,5,4000,29
GBM965,6,BMP4,r02,5,4000,24
GBM965,6,BMP4,r03,5,4000,29
GBM965,6,BMP4,r04,5,4000,29
GBM965,6,BMP4,r05,5,4000,32
GBM965,6,BMP4,r06,5,4000,27
GBM965,6,BMP4,r07,5,4000,29
GBM965,6,BMP4,r08,5,4000,36
GBM965,6,BMP4,r09,5,4000,64
GBM965,6,BMP4,r10,5,4000,64
GBM965,6,MSC-EV,r01,5,4000,74
GBM965,6,MSC-EV,r02,5,4000,56
GBM965,6,MSC-EV,r03,5,4000,38
GBM965,6,MSC-EV,r04,5,4000,44
GBM965,6,MSC-EV,r05,5,4000,41
GBM965,6,MSC-EV,r06,5,4000,44
GBM965,6,MSC-EV,r07,5,4000,43
GBM965,6,MSC-EV,r08,5,4000,44
GBM965,6,MSC-EV,r09,5,4000,29
GBM965,6,MSC-EV,r10,5,4000,42
GBM965,6,MSC-BMP4,r01,5,4000,22
GBM965,6,MSC-BMP4,r02,5,4000,24
GBM965,6,MSC-BMP4,r03,5,4000,27
GBM965,6,MSC-BMP4,r04,5,4000,22
GBM965,6,MSC-BMP4,r05,5,4000,23
GBM965,6,MSC-BMP4,r06,5,4000,44
GBM965,6,MSC-BMP4,r07,5,4000,23
GBM965,6,MSC-BMP4,r08,5,4000,27
GBM965,6,MSC-BMP4,r09,5,4000,33
GBM965,6,MSC-BMP4,r10,5,4000,42
GBM965,6,CTRL,r01,6,8000,34
GBM965,6,CTRL,r02,6,8000,38
GBM965,6,CTRL,r03,6,8000,26
GBM965,6,CTRL,r05,6,8000,23
GBM965,6,CTRL,r06,6,8000,32
GBM965,6,CTRL,r07,6,8000,53
GBM965,6,CTRL,r08,6,8000,42
GBM965,6,CTRL,r09,6,8000,84
GBM965,6,FBS,r03,6,8000,58
GBM965,6,FBS,r04,6,8000,44
GBM965,6,FBS,r05,6,8000,46
GBM965,6,FBS,r06,6,8000,45
GBM965,6,FBS,r07,6,8000,36
GBM965,6,FBS,r08,6,8000,35
GBM965,6,FBS,r09,6,8000,49
GBM965,6,FBS,r10,6,8000,45
GBM965,6,BMP4,r01,6,8000,26
GBM965,6,BMP4,r02,6,8000,14
GBM965,6,BMP4,r03,6,8000,21
GBM965,6,BMP4,r04,6,8000,24
GBM965,6,BMP4,r05,6,8000,28
GBM965,6,BMP4,r06,6,8000,17
GBM965,6,BMP4,r07,6,8000,16
GBM965,6,BMP4,r08,6,8000,29
GBM965,6,BMP4,r09,6,8000,25
GBM965,6,BMP4,r10,6,8000,66
GBM965,6,MSC-EV,r02,6,8000,69
GBM965,6,MSC-EV,r03,6,8000,34
GBM965,6,MSC-EV,r04,6,8000,33
GBM965,6,MSC-EV,r05,6,8000,28
GBM965,6,MSC-EV,r06,6,8000,36
GBM965,6,MSC-EV,r07,6,8000,32
GBM965,6,MSC-EV,r08,6,8000,37
GBM965,6,MSC-EV,r09,6,8000,31
GBM965,6,MSC-EV,r10,6,8000,31
GBM965,6,MSC-BMP4,r01,6,8000,27
GBM965,6,MSC-BMP4,r02,6,8000,21
GBM965,6,MSC-BMP4,r04,6,8000,27
GBM965,6,MSC-BMP4,r05,6,8000,24
GBM965,6,MSC-BMP4,r06,6,8000,32
GBM965,6,MSC-BMP4,r07,6,8000,25
GBM965,6,MSC-BMP4,r08,6,8000,26
GBM965,6,MSC-BMP4,r09,6,8000,38
GBM965,6,MSC-BMP4,r10,6,8000,52
QNS108,1,CTRL,r01,0,500,16
QNS108,1,BMP4,r01,0,500,14
GBM640,1,CTRL,r01,0,500,2
GBM640,1,BMP4,r01,0,500,2
QNS657,1,BMP4,r01,0,500,3
QNS657,1,BMP4,r02,0,500,1
QNS522b,1,CTRL,r01,0,500,13
QNS522b,1,BMP4,r01,0,500,9
QNS522b,1,BMP4,r02,0,500,5
QNS522b,1,CTRL,r02,0,500,4
QNS657,1,BMP4,r03,0,500,4
QNS657,1,BMP4,r04,0,500,2
GBM640,1,BMP4,r02,0,500,1
QNS108,1,BMP4,r02,0,500,2
QNS108,1,CTRL,r02,0,500,4
GBM640,1,CTRL,r03,0,500,1
GBM640,1,BMP4,r03,0,500,1
QNS657,1,BMP4,r05,0,500,3
QNS657,1,BMP4,r06,0,500,2
QNS522b,1,CTRL,r03,0,500,7
QNS522b,1,BMP4,r03,0,500,4
QNS522b,1,BMP4,r04,0,500,5
QNS522b,1,CTRL,r04,0,500,6
QNS657,1,BMP4,r01,2,1000,2
QNS657,1,BMP4,r02,2,1000,2
GBM640,1,BMP4,r04,0,500,1
GBM640,1,CTRL,r04,0,500,1
QNS108,1,BMP4,r04,0,500,5
QNS108,1,CTRL,r04,0,500,9
QNS108,1,CTRL,r05,0,500,8
QNS108,1,BMP4,r05,0,500,3
GBM640,1,CTRL,r05,0,500,1
GBM640,1,BMP4,r05,0,500,1
QNS657,1,BMP4,r03,2,1000,3
QNS657,1,BMP4,r04,2,1000,4
QNS522b,1,CTRL,r05,0,500,5
QNS522b,1,BMP4,r05,0,500,4
QNS522b,1,BMP4,r06,0,500,4
QNS522b,1,CTRL,r06,0,500,7
QNS657,1,BMP4,r05,2,1000,3
QNS657,1,BMP4,r06,2,1000,3
GBM640,1,BMP4,r06,0,500,1
GBM640,1,CTRL,r06,0,500,1
QNS108,1,BMP4,r06,0,500,3
QNS108,1,CTRL,r06,0,500,5
GBM640,1,BMP4,r01,2,1000,2
GBM640,1,BMP4,r02,2,1000,1
QNS657,1,BMP4,r02,4,2000,3
QNS522b,1,CTRL,r01,2,1000,8
QNS522b,1,BMP4,r01,2,1000,7
QNS522b,1,BMP4,r02,2,1000,7
QNS522b,1,CTRL,r02,2,1000,3
QNS657,1,BMP4,r03,4,2000,4
QNS657,1,BMP4,r04,4,2000,3
GBM640,1,BMP4,r03,2,1000,1
GBM640,1,BMP4,r04,2,1000,2
QNS108,1,BMP4,r02,2,1000,3
QNS108,1,CTRL,r02,2,1000,7
QNS108,1,CTRL,r03,2,1000,8
QNS108,1,BMP4,r03,2,1000,7
GBM640,1,BMP4,r05,2,1000,1
GBM640,1,BMP4,r06,2,1000,1
QNS657,1,BMP4,r05,4,2000,3
QNS657,1,BMP4,r06,4,2000,4
QNS522b,1,CTRL,r03,2,1000,9
QNS522b,1,BMP4,r03,2,1000,6
QNS522b,1,CTRL,r04,2,1000,8
QNS657,2,BMP4,r01,4,2000,4
QNS657,2,BMP4,r02,4,2000,2
GBM640,2,BMP4,r01,2,1000,1
GBM640,2,BMP4,r02,2,1000,2
QNS108,1,BMP4,r04,2,1000,9
QNS108,1,CTRL,r04,2,1000,11
QNS108,1,CTRL,r05,2,1000,9
QNS108,1,BMP4,r05,2,1000,3
GBM640,2,BMP4,r03,2,1000,2
GBM640,2,BMP4,r04,2,1000,2
QNS657,2,BMP4,r03,4,2000,3
QNS657,2,BMP4,r04,4,2000,2
QNS522b,1,CTRL,r05,2,1000,6
QNS522b,1,BMP4,r05,2,1000,7
QNS522b,1,BMP4,r06,2,1000,5
QNS522b,1,CTRL,r06,2,1000,5
QNS657,2,BMP4,r05,4,2000,2
QNS657,2,BMP4,r06,4,2000,3
GBM640,2,BMP4,r05,2,1000,2
GBM640,2,BMP4,r06,2,1000,2
QNS108,1,BMP4,r06,2,1000,11
QNS108,1,CTRL,r06,2,1000,11
QNS108,1,CTRL,r01,4,2000,11
QNS108,1,BMP4,r01,4,2000,9
GBM640,1,BMP4,r01,4,2000,1
GBM640,1,BMP4,r02,4,2000,2
QNS657,1,BMP4,r01,5,4000,22
QNS657,1,BMP4,r02,5,4000,5
QNS522b,1,CTRL,r01,4,2000,12
QNS522b,1,BMP4,r02,4,2000,9
QNS522b,1,CTRL,r02,4,2000,15
QNS657,1,BMP4,r03,5,4000,6
QNS657,1,BMP4,r04,5,4000,6
GBM640,1,BMP4,r04,4,2000,1
QNS108,1,BMP4,r02,4,2000,11
QNS108,1,CTRL,r02,4,2000,7
QNS108,1,CTRL,r03,4,2000,9
QNS108,1,BMP4,r03,4,2000,5
GBM640,1,BMP4,r05,4,2000,1
GBM640,1,BMP4,r06,4,2000,1
QNS657,1,BMP4,r05,5,4000,4
QNS657,1,BMP4,r06,5,4000,6
QNS522b,1,CTRL,r03,4,2000,8
QNS522b,1,CTRL,r04,4,2000,8
QNS657,1,BMP4,r01,6,8000,11
QNS657,1,BMP4,r02,6,8000,16
GBM640,2,BMP4,r01,4,2000,1
GBM640,2,BMP4,r02,4,2000,2
QNS108,1,BMP4,r04,4,2000,6
QNS108,1,CTRL,r04,4,2000,5
QNS108,1,CTRL,r05,4,2000,6
QNS108,1,BMP4,r05,4,2000,3
GBM640,2,BMP4,r03,4,2000,2
GBM640,2,BMP4,r04,4,2000,2
QNS657,1,BMP4,r03,6,8000,5
QNS657,1,BMP4,r04,6,8000,5
QNS522b,1,CTRL,r05,4,2000,8
QNS522b,1,BMP4,r05,4,2000,4
QNS522b,1,BMP4,r06,4,2000,5
QNS522b,1,CTRL,r06,4,2000,4
QNS657,1,BMP4,r05,6,8000,8
QNS657,1,BMP4,r06,6,8000,6
GBM640,2,BMP4,r05,4,2000,2
GBM640,2,BMP4,r06,4,2000,2
QNS108,1,BMP4,r06,4,2000,2
QNS108,1,CTRL,r01,5,4000,8
QNS108,1,BMP4,r01,5,4000,11
GBM640,1,CTRL,r01,5,4000,1
GBM640,1,BMP4,r01,5,4000,3
QNS657,2,BMP4,r01,0,500,2
QNS657,2,BMP4,r02,0,500,2
QNS522b,1,CTRL,r01,5,4000,22
QNS522b,1,BMP4,r01,5,4000,22
QNS522b,1,BMP4,r02,5,4000,13
QNS522b,1,CTRL,r02,5,4000,14
QNS657,2,BMP4,r03,0,500,2
QNS657,2,BMP4,r04,0,500,2
GBM640,1,CTRL,r02,5,4000,9
QNS108,1,BMP4,r02,5,4000,9
QNS108,1,CTRL,r02,5,4000,12
QNS108,1,CTRL,r03,5,4000,7
QNS108,1,BMP4,r03,5,4000,11
GBM640,1,CTRL,r03,5,4000,2
QNS657,2,BMP4,r05,0,500,1
QNS657,2,BMP4,r06,0,500,1
QNS522b,1,CTRL,r03,5,4000,18
QNS712,1,CTRL,r04,5,4000,1
QNS522b,1,BMP4,r04,5,4000,14
QNS522b,1,CTRL,r04,5,4000,11
QNS657,2,BMP4,r01,2,1000,2
QNS657,2,BMP4,r02,2,1000,3
GBM640,1,BMP4,r04,5,4000,2
GBM640,1,CTRL,r04,5,4000,4
QNS108,1,BMP4,r04,5,4000,8
QNS108,1,CTRL,r04,5,4000,11
QNS108,1,CTRL,r05,5,4000,6
QNS108,1,BMP4,r05,5,4000,4
GBM640,1,CTRL,r05,5,4000,2
GBM640,1,BMP4,r05,5,4000,2
QNS657,2,BMP4,r03,2,1000,2
QNS657,2,BMP4,r04,2,1000,2
QNS522b,1,CTRL,r05,5,4000,8
QNS522b,1,BMP4,r05,5,4000,7
QNS522b,1,BMP4,r06,5,4000,8
QNS522b,1,CTRL,r06,5,4000,7
QNS657,2,BMP4,r05,2,1000,2
QNS657,2,BMP4,r06,2,1000,2
GBM640,1,BMP4,r06,5,4000,2
GBM640,1,CTRL,r06,5,4000,4
QNS108,1,BMP4,r06,5,4000,9
QNS108,1,CTRL,r06,5,4000,9
QNS108,1,CTRL,r01,6,8000,27
QNS108,1,BMP4,r01,6,8000,25
GBM640,1,BMP4,r01,6,8000,4
QNS657,2,BMP4,r01,5,4000,5
QNS657,2,BMP4,r02,5,4000,3
QNS522b,1,CTRL,r01,6,8000,29
QNS522b,1,BMP4,r01,6,8000,18
QNS712,1,CTRL,r01,6,8000,3
QNS712,1,BMP4,r01,6,8000,3
QNS712,1,BMP4,r02,6,8000,2
QNS712,1,CTRL,r02,6,8000,2
QNS522b,1,BMP4,r02,6,8000,17
QNS522b,1,CTRL,r02,6,8000,21
GBM640,1,BMP4,r03,6,8000,4
GBM640,1,BMP4,r04,6,8000,4
QNS108,1,BMP4,r02,6,8000,28
QNS108,1,CTRL,r02,6,8000,33
QNS108,1,CTRL,r03,6,8000,13
QNS108,1,BMP4,r03,6,8000,13
GBM640,1,BMP4,r06,6,8000,4
QNS657,2,BMP4,r05,5,4000,4
QNS657,2,BMP4,r06,5,4000,4
QNS522b,1,CTRL,r03,6,8000,17
QNS522b,1,BMP4,r03,6,8000,17
QNS522b,1,BMP4,r04,6,8000,13
QNS522b,1,CTRL,r04,6,8000,18
QNS657,2,BMP4,r01,6,8000,6
QNS657,2,BMP4,r02,6,8000,7
GBM640,2,BMP4,r01,6,8000,11
GBM640,2,BMP4,r02,6,8000,12
QNS108,1,CTRL,r05,6,8000,15
QNS108,1,BMP4,r05,6,8000,17
GBM640,2,BMP4,r03,6,8000,9
GBM640,2,BMP4,r04,6,8000,13
QNS522b,1,CTRL,r05,6,8000,19
QNS522b,1,BMP4,r05,6,8000,12
QNS522b,1,CTRL,r06,6,8000,12
QNS657,2,BMP4,r05,6,8000,9
QNS657,2,BMP4,r06,6,8000,7
GBM640,2,BMP4,r05,6,8000,13
GBM640,2,BMP4,r06,6,8000,12
QNS108,1,BMP4,r06,6,8000,8
QNS108,1,CTRL,r06,6,8000,21
QNS166,1,BMP4,r01,0,500,1
QNS166,1,BMP4,r02,0,500,1
QNS315,1,CTRL,r01,0,500,1
QNS315,1,BMP4,r01,0,500,2
GBM963,1,BMP4,r01,0,500,1
GBM963,1,BMP4,r02,0,500,4
GBM963,1,BMP4,r03,0,500,2
GBM963,1,BMP4,r04,0,500,1
QNS315,1,BMP4,r02,0,500,2
QNS315,1,CTRL,r02,0,500,2
QNS166,1,BMP4,r03,0,500,1
QNS166,1,BMP4,r04,0,500,1
QNS166,1,BMP4,r05,0,500,1
QNS166,1,BMP4,r06,0,500,1
QNS315,1,CTRL,r03,0,500,2
QNS315,1,BMP4,r03,0,500,2
GBM963,1,BMP4,r05,0,500,3
GBM963,1,BMP4,r06,0,500,2
GBM963,1,BMP4,r01,2,1000,3
GBM963,1,BMP4,r02,2,1000,2
QNS315,1,BMP4,r04,0,500,2
QNS315,1,CTRL,r04,0,500,1
QNS166,1,BMP4,r01,2,1000,1
QNS166,1,BMP4,r02,2,1000,1
QNS166,1,BMP4,r03,2,1000,1
QNS315,1,CTRL,r05,0,500,3
QNS315,1,BMP4,r05,0,500,1
GBM963,1,BMP4,r03,2,1000,4
GBM963,1,BMP4,r04,2,1000,2
GBM963,1,BMP4,r05,2,1000,5
GBM963,1,BMP4,r06,2,1000,6
QNS315,1,BMP4,r06,0,500,2
QNS315,1,CTRL,r06,0,500,3
QNS166,1,BMP4,r05,2,1000,1
QNS166,1,BMP4,r06,2,1000,1
QNS166,1,BMP4,r01,4,2000,2
QNS166,1,BMP4,r02,4,2000,3
QNS315,1,CTRL,r01,2,1000,4
QNS315,1,BMP4,r01,2,1000,6
GBM963,1,BMP4,r01,4,2000,4
GBM963,1,BMP4,r02,4,2000,5
GBM963,1,BMP4,r03,4,2000,9
GBM963,1,BMP4,r04,4,2000,6
QNS315,1,BMP4,r02,2,1000,3
QNS315,1,CTRL,r02,2,1000,3
QNS166,1,BMP4,r03,4,2000,2
QNS166,1,BMP4,r04,4,2000,3
QNS166,1,BMP4,r05,4,2000,1
QNS166,1,BMP4,r06,4,2000,2
QNS315,1,CTRL,r03,2,1000,4
QNS315,1,BMP4,r03,2,1000,5
GBM963,1,BMP4,r05,4,2000,9
GBM963,1,BMP4,r06,4,2000,8
GBM963,1,BMP4,r02,5,4000,12
QNS315,1,BMP4,r04,2,1000,6
QNS315,1,CTRL,r04,2,1000,8
QNS166,1,BMP4,r01,5,4000,4
QNS166,1,BMP4,r02,5,4000,3
QNS166,1,BMP4,r03,5,4000,3
QNS166,1,BMP4,r04,5,4000,3
QNS315,1,CTRL,r05,2,1000,2
QNS315,1,BMP4,r05,2,1000,5
GBM963,1,BMP4,r03,5,4000,16
GBM963,1,BMP4,r04,5,4000,14
GBM963,1,BMP4,r05,5,4000,19
GBM963,1,BMP4,r06,5,4000,18
QNS315,1,BMP4,r06,2,1000,4
QNS315,1,CTRL,r06,2,1000,5
QNS166,1,BMP4,r05,5,4000,5
QNS166,1,BMP4,r06,5,4000,2
QNS166,1,BMP4,r01,6,8000,5
QNS166,1,BMP4,r02,6,8000,7
QNS315,1,CTRL,r01,4,2000,7
QNS315,1,BMP4,r01,4,2000,5
GBM963,1,BMP4,r01,6,8000,21
GBM963,1,BMP4,r02,6,8000,14
GBM963,1,BMP4,r03,6,8000,19
QNS315,1,BMP4,r02,4,2000,6
QNS315,1,CTRL,r02,4,2000,8
QNS166,1,BMP4,r03,6,8000,5
QNS166,1,BMP4,r04,6,8000,7
QNS166,1,BMP4,r05,6,8000,7
QNS166,1,BMP4,r06,6,8000,3
QNS315,1,CTRL,r03,4,2000,6
QNS315,1,BMP4,r03,4,2000,8
GBM963,1,BMP4,r05,6,8000,33
GBM963,1,BMP4,r06,6,8000,15
GBM963,1,CTRL,r01,0,500,1
GBM963,1,CTRL,r02,0,500,1
QNS315,1,BMP4,r04,4,2000,6
QNS315,1,CTRL,r04,4,2000,6
QNS166,1,CTRL,r01,0,500,1
QNS166,1,CTRL,r02,0,500,1
QNS166,1,CTRL,r03,0,500,1
QNS166,1,CTRL,r04,0,500,1
QNS315,1,CTRL,r05,4,2000,5
QNS315,1,BMP4,r05,4,2000,4
QNS712,2,CTRL,r05,4,2000,1
GBM963,1,CTRL,r03,0,500,1
GBM963,1,CTRL,r04,0,500,1
GBM963,1,CTRL,r05,0,500,1
GBM963,1,CTRL,r06,0,500,2
QNS315,1,BMP4,r06,4,2000,3
QNS315,1,CTRL,r06,4,2000,2
QNS166,1,CTRL,r05,0,500,1
QNS166,1,CTRL,r06,0,500,1
QNS166,1,CTRL,r01,2,1000,2
QNS166,1,CTRL,r02,2,1000,1
QNS315,1,CTRL,r01,5,4000,8
QNS315,1,BMP4,r01,5,4000,4
QNS712,2,CTRL,r01,5,4000,3
QNS712,2,BMP4,r01,5,4000,2
GBM963,1,CTRL,r01,2,1000,2
GBM963,1,CTRL,r02,2,1000,3
GBM963,1,CTRL,r03,2,1000,3
GBM963,1,CTRL,r04,2,1000,2
QNS712,2,BMP4,r02,5,4000,1
QNS712,2,CTRL,r02,5,4000,1
QNS315,1,BMP4,r02,5,4000,9
QNS315,1,CTRL,r02,5,4000,12
QNS166,1,CTRL,r03,2,1000,1
QNS166,1,CTRL,r04,2,1000,2
QNS166,1,CTRL,r05,2,1000,2
QNS166,1,CTRL,r06,2,1000,2
QNS315,1,CTRL,r03,5,4000,6
QNS315,1,BMP4,r03,5,4000,5
QNS712,2,CTRL,r03,5,4000,2
QNS712,2,BMP4,r03,5,4000,2
GBM963,1,CTRL,r05,2,1000,3
GBM963,1,CTRL,r06,2,1000,3
GBM963,1,CTRL,r01,4,2000,4
GBM963,1,CTRL,r02,4,2000,4
QNS712,2,BMP4,r04,5,4000,1
QNS315,1,BMP4,r04,5,4000,7
QNS315,1,CTRL,r04,5,4000,2
QNS166,1,CTRL,r01,4,2000,3
QNS166,1,CTRL,r02,4,2000,2
QNS166,1,CTRL,r03,4,2000,3
QNS166,1,CTRL,r04,4,2000,2
QNS315,1,CTRL,r05,5,4000,5
QNS315,1,BMP4,r05,5,4000,5
QNS712,2,CTRL,r05,5,4000,1
QNS712,2,BMP4,r05,5,4000,2
GBM963,1,CTRL,r03,4,2000,6
GBM963,1,CTRL,r04,4,2000,5
GBM963,1,CTRL,r05,4,2000,8
QNS315,1,BMP4,r06,5,4000,5
QNS315,1,CTRL,r06,5,4000,4
QNS166,1,CTRL,r06,4,2000,2
QNS166,1,CTRL,r01,5,4000,4
QNS166,1,CTRL,r02,5,4000,4
QNS315,1,CTRL,r01,6,8000,13
QNS315,1,BMP4,r01,6,8000,7
QNS712,2,CTRL,r01,6,8000,2
QNS712,2,BMP4,r01,6,8000,3
GBM963,1,CTRL,r01,5,4000,7
GBM963,1,CTRL,r02,5,4000,11
GBM963,1,CTRL,r03,5,4000,12
GBM963,1,CTRL,r04,5,4000,12
QNS712,2,BMP4,r02,6,8000,2
QNS712,2,CTRL,r02,6,8000,1
QNS315,1,BMP4,r02,6,8000,14
QNS315,1,CTRL,r02,6,8000,9
QNS166,1,CTRL,r03,5,4000,4
QNS166,1,CTRL,r04,5,4000,5
QNS166,1,CTRL,r05,5,4000,3
QNS315,1,CTRL,r03,6,8000,14
QNS315,1,BMP4,r03,6,8000,18
QNS712,2,CTRL,r03,6,8000,3
QNS712,2,BMP4,r03,6,8000,1
GBM963,1,CTRL,r05,5,4000,16
GBM963,1,CTRL,r06,5,4000,12
GBM963,1,CTRL,r01,6,8000,22
GBM963,1,CTRL,r02,6,8000,14
QNS712,2,BMP4,r04,6,8000,2
QNS712,2,CTRL,r04,6,8000,2
QNS315,1,BMP4,r04,6,8000,16
QNS315,1,CTRL,r04,6,8000,14
QNS166,1,CTRL,r01,6,8000,11
QNS166,1,CTRL,r02,6,8000,8
QNS166,1,CTRL,r03,6,8000,7
QNS166,1,CTRL,r04,6,8000,6
QNS315,1,BMP4,r05,6,8000,13
QNS712,2,CTRL,r05,6,8000,3
QNS712,2,BMP4,r05,6,8000,1
GBM963,1,CTRL,r03,6,8000,22
GBM963,1,CTRL,r04,6,8000,31
GBM963,1,CTRL,r05,6,8000,26
QNS712,2,BMP4,r06,6,8000,1
QNS712,2,CTRL,r06,6,8000,1
QNS315,1,BMP4,r06,6,8000,14
QNS315,1,CTRL,r06,6,8000,11
QNS166,1,CTRL,r05,6,8000,5
QNS166,1,CTRL,r06,6,8000,6
QNS108,2,CTRL,r01,0,500,2
QNS108,2,BMP4,r01,0,500,2
QNS120,2,FBS,r01,2,500,1
QNS120,2,FBS,r02,2,500,1
QNS522b,2,CTRL,r01,0,500,1
QNS522b,2,BMP4,r01,0,500,2
GBM549,3,CTRL,r01,0,500,2
GBM549,3,BMP4,r01,0,500,3
QNS657,1,CTRL,r01,0,500,5
QNS657,1,CTRL,r02,0,500,2
QNS657,1,CTRL,r03,0,500,3
QNS657,1,CTRL,r04,0,500,1
QNS522b,2,BMP4,r02,0,500,1
QNS522b,2,CTRL,r02,0,500,1
GBM549,3,BMP4,r02,0,500,4
GBM549,3,CTRL,r02,0,500,2
QNS120,2,FBS,r03,2,500,1
QNS120,2,FBS,r04,2,500,1
QNS108,2,BMP4,r02,0,500,3
QNS108,2,CTRL,r02,0,500,1
QNS108,2,CTRL,r03,0,500,2
QNS108,2,BMP4,r03,0,500,2
QNS120,2,FBS,r05,2,500,2
QNS120,2,FBS,r06,2,500,2
QNS522b,2,CTRL,r03,0,500,3
QNS522b,2,BMP4,r03,0,500,2
GBM549,3,CTRL,r03,0,500,4
GBM549,3,BMP4,r03,0,500,5
QNS657,1,CTRL,r05,0,500,2
QNS657,1,CTRL,r06,0,500,1
QNS657,1,CTRL,r01,2,1000,5
QNS657,1,CTRL,r02,2,1000,4
QNS522b,2,BMP4,r04,0,500,2
QNS522b,2,CTRL,r04,0,500,2
GBM549,3,BMP4,r04,0,500,2
GBM549,3,CTRL,r04,0,500,2
QNS120,1,FBS,r01,0,250,1
QNS120,1,FBS,r04,0,250,1
QNS108,2,BMP4,r04,0,500,3
QNS108,2,CTRL,r04,0,500,4
QNS108,2,CTRL,r05,0,500,2
QNS108,2,BMP4,r05,0,500,1
QNS120,1,FBS,r05,0,250,1
QNS120,1,FBS,r02,0,250,1
QNS522b,2,CTRL,r05,0,500,1
QNS522b,2,BMP4,r05,0,500,1
GBM549,3,CTRL,r05,0,500,3
GBM549,3,BMP4,r05,0,500,1
QNS657,1,CTRL,r03,2,1000,3
QNS657,1,CTRL,r04,2,1000,2
QNS657,1,CTRL,r05,2,1000,4
QNS657,1,CTRL,r06,2,1000,5
QNS522b,2,BMP4,r06,0,500,2
QNS522b,2,CTRL,r06,0,500,2
GBM549,3,BMP4,r06,0,500,3
GBM549,3,CTRL,r06,0,500,1
QNS120,1,FBS,r03,0,250,1
QNS120,1,FBS,r06,0,250,1
QNS108,2,BMP4,r06,0,500,2
QNS108,2,CTRL,r06,0,500,3
QNS108,2,CTRL,r01,2,1000,3
QNS108,3,BMP4,r01,2,1000,4
QNS120,2,MSC-BMP4,r01,6,2000,3
QNS120,2,MSC-BMP4,r02,6,2000,2
QNS522b,2,CTRL,r01,2,1000,4
QNS522b,3,BMP4,r01,2,1000,3
GBM549,3,CTRL,r01,2,1000,4
GBM549,2,BMP4,r01,2,1000,5
QNS657,1,CTRL,r01,5,4000,7
QNS657,1,CTRL,r02,5,4000,5
QNS657,1,CTRL,r03,5,4000,6
QNS657,1,CTRL,r04,5,4000,5
QNS522b,2,BMP4,r02,2,1000,4
QNS522b,3,CTRL,r02,2,1000,4
GBM549,3,BMP4,r02,2,1000,5
GBM549,3,CTRL,r02,2,1000,4
QNS120,2,MSC-BMP4,r03,6,2000,2
QNS120,2,MSC-BMP4,r04,6,2000,2
QNS108,2,BMP4,r02,2,1000,6
QNS108,2,CTRL,r02,2,1000,2
QNS108,2,CTRL,r03,2,1000,6
QNS108,3,BMP4,r03,2,1000,6
QNS120,2,MSC-BMP4,r05,6,2000,3
QNS120,2,MSC-BMP4,r06,6,2000,2
QNS522b,2,CTRL,r03,2,1000,4
QNS522b,3,BMP4,r03,2,1000,4
GBM549,3,CTRL,r03,2,1000,5
GBM549,2,BMP4,r03,2,1000,3
QNS657,1,CTRL,r05,5,4000,5
QNS657,1,CTRL,r06,5,4000,5
QNS657,1,CTRL,r01,6,8000,16
QNS657,1,CTRL,r02,6,8000,17
QNS522b,2,BMP4,r04,2,1000,3
QNS522b,3,CTRL,r04,2,1000,3
GBM549,3,BMP4,r04,2,1000,2
GBM549,3,CTRL,r04,2,1000,2
QNS120,2,MSC-BMP4,r01,4,1000,2
QNS120,2,MSC-BMP4,r02,4,1000,1
QNS108,2,BMP4,r04,2,1000,3
QNS108,2,CTRL,r04,2,1000,3
QNS108,2,CTRL,r05,2,1000,4
QNS108,3,BMP4,r05,2,1000,1
QNS120,2,MSC-BMP4,r03,4,1000,2
QNS120,2,MSC-BMP4,r04,4,1000,1
QNS522b,2,CTRL,r05,2,1000,1
QNS522b,3,BMP4,r05,2,1000,3
GBM549,3,CTRL,r05,2,1000,2
GBM549,2,BMP4,r05,2,1000,3
QNS657,1,CTRL,r03,6,8000,9
QNS657,1,CTRL,r05,6,8000,11
QNS657,1,CTRL,r06,6,8000,8
QNS522b,2,BMP4,r06,2,1000,4
QNS522b,3,CTRL,r06,2,1000,2
GBM549,3,BMP4,r06,2,1000,3
GBM549,3,CTRL,r06,2,1000,2
QNS120,2,MSC-BMP4,r05,4,1000,2
QNS120,2,MSC-BMP4,r06,4,1000,1
QNS108,2,BMP4,r06,2,1000,2
QNS108,2,CTRL,r06,2,1000,2
QNS108,2,CTRL,r01,4,2000,6
QNS108,3,BMP4,r01,4,2000,6
QNS120,2,MSC-BMP4,r01,2,500,3
QNS120,2,MSC-BMP4,r02,2,500,2
QNS522b,2,CTRL,r01,4,2000,1
QNS522b,3,BMP4,r01,4,2000,2
GBM549,3,CTRL,r01,4,2000,2
GBM549,2,BMP4,r01,4,2000,4
QNS657,2,CTRL,r01,0,500,1
QNS657,2,CTRL,r02,0,500,2
QNS657,2,CTRL,r03,0,500,1
QNS657,2,CTRL,r04,0,500,2
QNS522b,2,BMP4,r02,4,2000,3
QNS522b,3,CTRL,r02,4,2000,1
GBM549,3,BMP4,r02,4,2000,4
GBM549,3,CTRL,r02,4,2000,3
QNS120,2,MSC-BMP4,r03,2,500,1
QNS120,2,MSC-BMP4,r04,2,500,1
QNS108,2,BMP4,r02,4,2000,7
QNS108,2,CTRL,r02,4,2000,4
QNS108,2,CTRL,r03,4,2000,6
QNS108,3,BMP4,r03,4,2000,5
QNS120,2,MSC-BMP4,r05,2,500,1
QNS120,2,MSC-BMP4,r06,2,500,1
QNS522b,2,CTRL,r03,4,2000,1
QNS522b,3,BMP4,r03,4,2000,3
GBM549,3,CTRL,r03,4,2000,3
GBM549,2,BMP4,r03,4,2000,4
QNS657,2,CTRL,r05,0,500,1
QNS657,2,CTRL,r06,0,500,2
QNS657,2,CTRL,r01,2,1000,3
QNS657,2,CTRL,r02,2,1000,2
QNS522b,2,BMP4,r04,4,2000,3
QNS522b,3,CTRL,r04,4,2000,2
GBM549,3,BMP4,r04,4,2000,3
GBM549,3,CTRL,r04,4,2000,2
QNS120,2,MSC-BMP4,r01,0,250,1
QNS120,2,MSC-BMP4,r02,0,250,1
QNS108,2,BMP4,r04,4,2000,3
QNS108,2,CTRL,r04,4,2000,5
QNS108,2,CTRL,r05,4,2000,6
QNS108,3,BMP4,r05,4,2000,2
QNS120,2,MSC-BMP4,r03,0,250,2
QNS120,2,MSC-BMP4,r04,0,250,2
QNS522b,2,CTRL,r05,4,2000,2
QNS522b,3,BMP4,r05,4,2000,2
GBM549,3,CTRL,r05,4,2000,2
GBM549,2,BMP4,r05,4,2000,2
QNS657,2,CTRL,r03,2,1000,4
QNS657,2,CTRL,r04,2,1000,2
QNS657,2,CTRL,r05,2,1000,2
QNS657,2,CTRL,r06,2,1000,2
QNS522b,2,BMP4,r06,4,2000,3
QNS522b,3,CTRL,r06,4,2000,2
GBM549,3,BMP4,r06,4,2000,4
GBM549,3,CTRL,r06,4,2000,4
QNS120,2,MSC-BMP4,r05,0,250,1
QNS120,2,MSC-BMP4,r06,0,250,2
QNS108,2,BMP4,r06,4,2000,2
QNS108,2,CTRL,r06,4,2000,6
QNS108,2,CTRL,r01,5,4000,12
QNS108,3,BMP4,r01,5,4000,16
QNS120,1,MSC-BMP4,r01,6,2000,3
QNS120,1,MSC-BMP4,r04,6,2000,3
QNS522b,2,CTRL,r01,5,4000,2
QNS522b,3,BMP4,r01,5,4000,4
GBM549,3,CTRL,r01,5,4000,6
GBM549,2,BMP4,r01,5,4000,6
QNS657,1,CTRL,r01,4,2000,8
QNS657,1,CTRL,r02,4,2000,5
QNS657,1,CTRL,r03,4,2000,9
QNS657,1,CTRL,r04,4,2000,7
QNS522b,2,BMP4,r02,5,4000,4
QNS522b,3,CTRL,r02,5,4000,3
GBM549,3,BMP4,r02,5,4000,4
GBM549,3,CTRL,r02,5,4000,4
QNS120,1,MSC-BMP4,r05,6,2000,3
QNS120,1,MSC-BMP4,r02,6,2000,5
QNS108,2,BMP4,r02,5,4000,12
QNS108,3,BMP4,r03,5,4000,4
QNS120,1,MSC-BMP4,r03,6,2000,6
QNS522b,2,CTRL,r03,5,4000,2
QNS522b,3,BMP4,r03,5,4000,5
GBM549,3,CTRL,r03,5,4000,5
GBM549,2,BMP4,r03,5,4000,6
QNS657,1,CTRL,r05,4,2000,3
QNS657,1,CTRL,r06,4,2000,5
QNS657,2,CTRL,r01,4,2000,5
QNS522b,2,BMP4,r04,5,4000,3
QNS522b,3,CTRL,r04,5,4000,4
GBM549,3,BMP4,r04,5,4000,1
GBM549,3,CTRL,r04,5,4000,3
QNS120,1,MSC-BMP4,r01,4,1000,3
QNS120,1,MSC-BMP4,r04,4,1000,2
QNS108,2,BMP4,r04,5,4000,4
QNS108,2,CTRL,r04,5,4000,6
QNS108,2,CTRL,r05,5,4000,8
QNS108,3,BMP4,r05,5,4000,1
QNS120,1,MSC-BMP4,r05,4,1000,3
QNS120,1,MSC-BMP4,r02,4,1000,4
QNS522b,2,CTRL,r05,5,4000,3
QNS522b,3,BMP4,r05,5,4000,6
GBM549,3,CTRL,r05,5,4000,2
GBM549,2,BMP4,r05,5,4000,3
QNS657,2,CTRL,r03,4,2000,2
QNS657,2,CTRL,r04,4,2000,3
QNS657,2,CTRL,r05,4,2000,4
QNS657,2,CTRL,r06,4,2000,2
QNS522b,2,BMP4,r06,5,4000,5
QNS522b,3,CTRL,r06,5,4000,3
GBM549,3,BMP4,r06,5,4000,4
GBM549,3,CTRL,r06,5,4000,3
QNS120,1,MSC-BMP4,r03,4,1000,2
QNS120,1,MSC-BMP4,r06,4,1000,4
QNS108,2,BMP4,r06,5,4000,5
QNS108,2,CTRL,r06,5,4000,5
QNS108,2,CTRL,r01,6,8000,21
QNS108,3,BMP4,r01,6,8000,21
QNS120,3,BMP4,r02,2,1000,2
QNS120,3,BMP4,r04,2,1000,1
QNS522b,2,CTRL,r01,6,8000,5
QNS522b,3,BMP4,r01,6,8000,7
GBM549,3,CTRL,r01,6,8000,5
GBM549,2,BMP4,r01,6,8000,6
QNS657,2,CTRL,r01,5,4000,5
QNS657,2,CTRL,r02,5,4000,5
QNS657,2,CTRL,r03,5,4000,6
QNS657,2,CTRL,r04,5,4000,4
QNS522b,2,BMP4,r02,6,8000,7
QNS522b,3,CTRL,r02,6,8000,5
GBM549,3,BMP4,r02,6,8000,9
GBM549,3,CTRL,r02,6,8000,6
QNS120,3,BMP4,r06,2,1000,2
QNS120,3,CTRL,r01,2,1000,2
QNS108,2,BMP4,r02,6,8000,23
QNS108,2,CTRL,r02,6,8000,17
QNS108,3,BMP4,r03,6,8000,17
QNS120,3,CTRL,r03,2,1000,1
QNS120,3,CTRL,r05,2,1000,1
QNS522b,2,CTRL,r03,6,8000,12
QNS522b,3,BMP4,r03,6,8000,15
GBM549,3,CTRL,r03,6,8000,14
GBM549,2,BMP4,r03,6,8000,8
QNS657,2,CTRL,r05,5,4000,4
QNS522b,2,BMP4,r04,6,8000,7
QNS522b,3,CTRL,r04,6,8000,9
GBM549,3,BMP4,r04,6,8000,9
GBM549,3,CTRL,r04,6,8000,7
QNS120,1,MSC-BMP4,r01,0,250,3
QNS120,1,MSC-BMP4,r04,0,250,1
QNS108,2,BMP4,r04,6,8000,22
QNS108,2,CTRL,r04,6,8000,18
QNS108,2,CTRL,r05,6,8000,25
QNS108,3,BMP4,r05,6,8000,23
QNS120,1,MSC-BMP4,r05,0,250,1
QNS120,1,MSC-BMP4,r02,0,250,4
QNS522b,2,CTRL,r05,6,8000,9
QNS522b,3,BMP4,r05,6,8000,12
GBM549,3,CTRL,r05,6,8000,14
GBM549,2,BMP4,r05,6,8000,11
QNS657,2,CTRL,r03,6,8000,12
QNS657,2,CTRL,r04,6,8000,11
QNS657,2,CTRL,r05,6,8000,16
QNS657,2,CTRL,r06,6,8000,14
QNS522b,2,BMP4,r06,6,8000,11
QNS522b,3,CTRL,r06,6,8000,9
GBM549,3,BMP4,r06,6,8000,15
QNS120,1,MSC-BMP4,r03,0,250,2
QNS120,1,MSC-BMP4,r06,0,250,3
QNS108,2,CTRL,r06,6,8000,26
QNS140,1,BMP4,r01,0,500,2
QNS140,1,BMP4,r02,0,500,2
GBM640,2,CTRL,r01,0,500,1
GBM640,2,BMP4,r01,0,500,1
QNS679,1,CTRL,r01,0,500,1
QNS679,1,BMP4,r01,0,500,3
QNS679,1,BMP4,r02,0,500,4
QNS679,1,CTRL,r02,0,500,2
GBM640,2,BMP4,r02,0,500,2
GBM640,2,CTRL,r02,0,500,1
QNS140,1,BMP4,r03,0,500,3
QNS140,1,BMP4,r04,0,500,1
QNS140,1,BMP4,r05,0,500,1
QNS140,1,BMP4,r06,0,500,1
GBM640,2,CTRL,r03,0,500,2
GBM640,2,BMP4,r03,0,500,3
QNS679,1,CTRL,r03,0,500,2
QNS679,1,BMP4,r03,0,500,2
QNS679,1,BMP4,r04,0,500,1
QNS679,1,CTRL,r04,0,500,3
GBM640,2,BMP4,r04,0,500,2
GBM640,2,CTRL,r04,0,500,2
GBM640,2,CTRL,r05,0,500,1
GBM640,2,BMP4,r05,0,500,1
QNS679,1,CTRL,r05,0,500,2
QNS679,1,BMP4,r05,0,500,3
QNS679,1,BMP4,r06,0,500,4
QNS679,1,CTRL,r06,0,500,4
GBM640,2,BMP4,r06,0,500,1
GBM640,1,CTRL,r01,2,1000,2
QNS679,1,CTRL,r01,2,1000,3
QNS679,1,BMP4,r01,2,1000,2
QNS679,1,BMP4,r02,2,1000,5
QNS679,1,CTRL,r02,2,1000,2
GBM640,1,CTRL,r03,2,1000,1
GBM640,1,CTRL,r04,2,1000,2
GBM640,1,CTRL,r05,2,1000,2
GBM640,1,CTRL,r06,2,1000,3
QNS679,1,CTRL,r03,2,1000,3
QNS679,1,BMP4,r03,2,1000,6
QNS679,1,BMP4,r04,2,1000,4
QNS679,1,CTRL,r04,2,1000,3
GBM640,2,CTRL,r01,2,1000,3
GBM640,2,CTRL,r02,2,1000,2
QNS140,1,BMP4,r01,5,4000,1
QNS140,1,BMP4,r02,5,4000,1
QNS140,1,BMP4,r03,5,4000,1
QNS140,1,BMP4,r04,5,4000,1
GBM640,2,CTRL,r03,2,1000,2
QNS679,1,CTRL,r05,2,1000,3
QNS679,1,BMP4,r05,2,1000,4
QNS679,1,BMP4,r06,2,1000,7
QNS679,1,CTRL,r06,2,1000,5
GBM640,2,CTRL,r05,2,1000,3
GBM640,2,CTRL,r06,2,1000,3
QNS140,1,BMP4,r05,5,4000,1
QNS140,1,BMP4,r06,5,4000,1
QNS140,1,BMP4,r01,6,8000,1
QNS140,1,BMP4,r02,6,8000,1
GBM640,1,CTRL,r02,4,2000,2
QNS679,1,CTRL,r01,4,2000,3
QNS679,1,BMP4,r01,4,2000,2
QNS679,1,BMP4,r02,4,2000,5
QNS679,1,CTRL,r02,4,2000,2
GBM640,1,CTRL,r03,4,2000,3
GBM640,1,CTRL,r04,4,2000,2
QNS140,1,BMP4,r03,6,8000,1
QNS140,1,BMP4,r04,6,8000,1
QNS140,1,BMP4,r05,6,8000,2
QNS140,1,BMP4,r06,6,8000,1
GBM640,1,CTRL,r05,4,2000,2
GBM640,1,CTRL,r06,4,2000,1
QNS679,1,CTRL,r03,4,2000,3
QNS679,1,BMP4,r03,4,2000,6
QNS679,1,BMP4,r04,4,2000,4
QNS679,1,CTRL,r04,4,2000,3
GBM640,2,CTRL,r01,4,2000,3
GBM640,2,CTRL,r02,4,2000,2
QNS140,1,CTRL,r01,0,500,3
QNS140,1,CTRL,r02,0,500,2
QNS140,1,CTRL,r03,0,500,5
GBM640,2,CTRL,r03,4,2000,2
GBM640,2,CTRL,r04,4,2000,1
QNS679,1,CTRL,r05,4,2000,3
QNS679,1,BMP4,r05,4,2000,4
QNS679,1,BMP4,r06,4,2000,7
QNS679,1,CTRL,r06,4,2000,5
GBM640,2,CTRL,r05,4,2000,3
GBM640,2,CTRL,r06,4,2000,3
QNS140,1,CTRL,r05,0,500,3
QNS140,1,CTRL,r06,0,500,3
QNS140,1,CTRL,r01,2,1000,4
GBM640,2,BMP4,r01,5,4000,9
QNS679,1,BMP4,r01,5,4000,9
QNS679,1,BMP4,r02,5,4000,9
GBM640,2,BMP4,r02,5,4000,7
GBM640,2,CTRL,r02,5,4000,4
QNS140,1,CTRL,r04,2,1000,1
QNS140,1,CTRL,r05,2,1000,2
QNS140,1,CTRL,r06,2,1000,1
GBM640,2,CTRL,r03,5,4000,7
GBM640,2,BMP4,r03,5,4000,7
QNS679,1,BMP4,r03,5,4000,8
QNS679,1,BMP4,r04,5,4000,6
QNS679,1,CTRL,r04,5,4000,6
GBM640,2,BMP4,r04,5,4000,5
GBM640,2,CTRL,r04,5,4000,7
QNS140,1,CTRL,r01,4,2000,4
QNS140,1,CTRL,r04,4,2000,1
GBM640,2,CTRL,r05,5,4000,8
GBM640,2,BMP4,r05,5,4000,5
QNS679,1,CTRL,r05,5,4000,9
QNS679,1,BMP4,r05,5,4000,8
QNS679,1,CTRL,r06,5,4000,8
GBM640,2,BMP4,r06,5,4000,11
GBM640,2,CTRL,r06,5,4000,7
QNS140,1,CTRL,r05,4,2000,2
QNS140,1,CTRL,r06,4,2000,1
QNS140,1,CTRL,r01,5,4000,3
QNS140,1,CTRL,r02,5,4000,4
QNS679,1,CTRL,r01,6,8000,13
QNS679,1,CTRL,r02,6,8000,12
GBM640,1,CTRL,r03,6,8000,9
GBM640,1,CTRL,r04,6,8000,3
QNS140,1,CTRL,r04,5,4000,3
QNS140,1,CTRL,r05,5,4000,4
QNS140,1,CTRL,r06,5,4000,2
GBM640,1,CTRL,r05,6,8000,5
GBM640,1,CTRL,r06,6,8000,6
QNS679,1,CTRL,r03,6,8000,14
QNS679,1,BMP4,r03,6,8000,14
QNS679,1,BMP4,r04,6,8000,7
QNS679,1,CTRL,r04,6,8000,8
GBM640,2,CTRL,r01,6,8000,9
GBM640,2,CTRL,r02,6,8000,6
QNS140,1,CTRL,r01,6,8000,9
QNS140,1,CTRL,r03,6,8000,8
QNS140,1,CTRL,r04,6,8000,8
GBM640,2,CTRL,r03,6,8000,13
GBM640,2,CTRL,r04,6,8000,11
QNS679,1,CTRL,r05,6,8000,14
QNS679,1,BMP4,r05,6,8000,11
QNS679,1,BMP4,r06,6,8000,13
QNS679,1,CTRL,r06,6,8000,13
GBM640,2,CTRL,r05,6,8000,13
GBM640,2,CTRL,r06,6,8000,9
QNS140,1,CTRL,r05,6,8000,7
QNS140,1,CTRL,r06,6,8000,11
GBM626,3,CTRL,r02,6,10000,7
GBM626,3,CTRL,r03,6,10000,8
GBM626,3,CTRL,r05,6,10000,13
GBM626,3,CTRL,r06,6,10000,11
GBM626,3,CTRL,r07,6,10000,14
GBM626,3,CTRL,r08,6,10000,9
GBM626,3,FBS,r01,6,10000,18
GBM626,3,FBS,r02,6,10000,13
GBM626,3,FBS,r03,6,10000,13
GBM626,3,FBS,r04,6,10000,12
GBM626,3,FBS,r05,6,10000,12
GBM626,3,FBS,r06,6,10000,14
GBM626,3,FBS,r07,6,10000,12
GBM626,3,FBS,r08,6,10000,6
GBM626,3,FBS,r09,6,10000,4
GBM626,3,FBS,r10,6,10000,6
GBM626,3,BMP4,r01,6,10000,5
GBM626,3,BMP4,r02,6,10000,4
GBM626,3,BMP4,r03,6,10000,3
GBM626,3,BMP4,r05,6,10000,6
GBM626,3,BMP4,r06,6,10000,7
GBM626,3,BMP4,r07,6,10000,8
GBM626,3,BMP4,r08,6,10000,9
GBM626,3,BMP4,r09,6,10000,4
GBM626,3,BMP4,r10,6,10000,8
GBM626,3,MSC-EV,r01,6,10000,14
GBM626,3,MSC-EV,r02,6,10000,8
GBM626,3,MSC-EV,r03,6,10000,12
GBM626,3,MSC-EV,r04,6,10000,12
GBM626,3,MSC-EV,r05,6,10000,12
GBM626,3,MSC-EV,r09,6,10000,9
GBM626,3,MSC-EV,r10,6,10000,8
GBM626,3,MSC-BMP4,r01,6,10000,9
GBM626,3,MSC-BMP4,r02,6,10000,9
GBM626,3,MSC-BMP4,r03,6,10000,7
GBM626,3,MSC-BMP4,r04,6,10000,4
GBM626,3,MSC-BMP4,r05,6,10000,9
GBM626,3,MSC-BMP4,r06,6,10000,11
GBM626,3,MSC-BMP4,r07,6,10000,12
GBM626,3,MSC-BMP4,r08,6,10000,12
GBM626,3,MSC-BMP4,r09,6,10000,14
GBM626,3,MSC-BMP4,r10,6,10000,13
GBM626,3,CTRL,r01,4,5000,6
GBM626,3,CTRL,r02,4,5000,7
GBM626,3,CTRL,r03,4,5000,8
GBM626,3,CTRL,r04,4,5000,8
GBM626,3,CTRL,r08,4,5000,8
GBM626,3,CTRL,r09,4,5000,11
GBM626,3,CTRL,r10,4,5000,7
GBM626,3,FBS,r01,4,5000,8
GBM626,3,FBS,r05,4,5000,9
GBM626,3,FBS,r06,4,5000,9
GBM626,3,FBS,r07,4,5000,6
GBM626,3,FBS,r08,4,5000,6
GBM626,3,FBS,r09,4,5000,4
GBM626,3,FBS,r10,4,5000,4
GBM626,3,BMP4,r01,4,5000,4
GBM626,3,BMP4,r02,4,5000,6
GBM626,3,BMP4,r03,4,5000,5
GBM626,3,BMP4,r04,4,5000,9
GBM626,3,BMP4,r05,4,5000,7
GBM626,3,BMP4,r06,4,5000,4
GBM626,3,BMP4,r07,4,5000,4
GBM626,3,BMP4,r08,4,5000,8
GBM626,3,BMP4,r09,4,5000,7
GBM626,3,BMP4,r10,4,5000,9
GBM626,3,MSC-EV,r01,4,5000,8
GBM626,3,MSC-EV,r03,4,5000,9
GBM626,3,MSC-EV,r04,4,5000,8
GBM626,3,MSC-EV,r05,4,5000,9
GBM626,3,MSC-EV,r06,4,5000,7
GBM626,3,MSC-EV,r07,4,5000,9
GBM626,3,MSC-EV,r08,4,5000,7
GBM626,3,MSC-EV,r09,4,5000,9
GBM626,3,MSC-EV,r10,4,5000,8
GBM626,3,MSC-BMP4,r01,4,5000,4
GBM626,3,MSC-BMP4,r02,4,5000,4
GBM626,3,MSC-BMP4,r03,4,5000,8
GBM626,3,MSC-BMP4,r04,4,5000,7
GBM626,3,MSC-BMP4,r05,4,5000,6
GBM626,3,MSC-BMP4,r06,4,5000,6
GBM626,3,MSC-BMP4,r07,4,5000,7
GBM626,3,MSC-BMP4,r08,4,5000,8
GBM626,3,MSC-BMP4,r10,4,5000,5
GBM626,3,CTRL,r01,2,2500,5
GBM626,3,CTRL,r02,2,2500,6
GBM626,3,CTRL,r03,2,2500,6
GBM626,3,CTRL,r04,2,2500,8
GBM626,3,CTRL,r05,2,2500,7
GBM626,3,CTRL,r06,2,2500,7
GBM626,3,CTRL,r08,2,2500,7
GBM626,3,CTRL,r09,2,2500,8
GBM626,3,CTRL,r10,2,2500,8
GBM626,3,FBS,r01,2,2500,12
GBM626,3,FBS,r02,2,2500,9
GBM626,3,FBS,r04,2,2500,9
GBM626,3,FBS,r05,2,2500,8
GBM626,3,FBS,r06,2,2500,9
GBM626,3,FBS,r07,2,2500,9
GBM626,3,FBS,r08,2,2500,6
GBM626,3,FBS,r09,2,2500,7
GBM626,3,FBS,r10,2,2500,3
GBM626,3,BMP4,r01,2,2500,6
GBM626,3,BMP4,r02,2,2500,2
GBM626,3,BMP4,r03,2,2500,3
GBM626,3,BMP4,r04,2,2500,4
GBM626,3,BMP4,r05,2,2500,2
GBM626,3,BMP4,r06,2,2500,5
GBM626,3,BMP4,r07,2,2500,5
GBM626,3,BMP4,r08,2,2500,3
GBM626,3,BMP4,r09,2,2500,8
GBM626,3,BMP4,r10,2,2500,9
GBM626,3,MSC-EV,r01,2,2500,11
GBM626,3,MSC-EV,r02,2,2500,12
GBM626,3,MSC-EV,r03,2,2500,9
GBM626,3,MSC-EV,r04,2,2500,7
GBM626,3,MSC-EV,r05,2,2500,7
GBM626,3,MSC-EV,r06,2,2500,6
GBM626,3,MSC-EV,r07,2,2500,6
GBM626,3,MSC-EV,r08,2,2500,4
GBM626,3,MSC-EV,r09,2,2500,5
GBM626,3,MSC-EV,r10,2,2500,7
GBM626,3,MSC-BMP4,r01,2,2500,4
GBM626,3,MSC-BMP4,r02,2,2500,5
GBM626,3,MSC-BMP4,r03,2,2500,5
GBM626,3,MSC-BMP4,r04,2,2500,9
GBM626,3,MSC-BMP4,r05,2,2500,7
GBM626,3,MSC-BMP4,r06,2,2500,4
GBM626,3,MSC-BMP4,r07,2,2500,7
GBM626,3,MSC-BMP4,r08,2,2500,6
GBM626,3,MSC-BMP4,r09,2,2500,14
GBM626,3,CTRL,r01,0,1250,2
GBM626,3,CTRL,r03,0,1250,9
GBM626,3,CTRL,r04,0,1250,7
GBM626,3,CTRL,r05,0,1250,9
GBM626,3,CTRL,r06,0,1250,11
GBM626,3,CTRL,r07,0,1250,9
GBM626,3,CTRL,r08,0,1250,6
GBM626,3,CTRL,r09,0,1250,8
GBM626,3,FBS,r01,0,1250,11
GBM626,3,FBS,r02,0,1250,14
GBM626,3,FBS,r03,0,1250,8
GBM626,3,FBS,r05,0,1250,6
GBM626,3,FBS,r06,0,1250,8
GBM626,3,FBS,r07,0,1250,7
GBM626,3,FBS,r08,0,1250,6
GBM626,3,FBS,r09,0,1250,6
GBM626,3,FBS,r10,0,1250,1
GBM626,3,BMP4,r01,0,1250,3
GBM626,3,BMP4,r02,0,1250,4
GBM626,3,BMP4,r03,0,1250,6
GBM626,3,BMP4,r04,0,1250,7
GBM626,3,BMP4,r05,0,1250,4
GBM626,3,BMP4,r06,0,1250,7
GBM626,3,BMP4,r07,0,1250,4
GBM626,3,BMP4,r08,0,1250,3
GBM626,3,BMP4,r09,0,1250,5
GBM626,3,BMP4,r10,0,1250,9
GBM626,3,MSC-EV,r02,0,1250,9
GBM626,3,MSC-EV,r03,0,1250,8
GBM626,3,MSC-EV,r04,0,1250,8
GBM626,3,MSC-EV,r05,0,1250,6
GBM626,3,MSC-EV,r06,0,1250,5
GBM626,3,MSC-EV,r07,0,1250,4
GBM626,3,MSC-EV,r08,0,1250,7
GBM626,3,MSC-EV,r09,0,1250,4
GBM626,3,MSC-EV,r10,0,1250,7
GBM626,3,MSC-BMP4,r01,0,1250,6
GBM626,3,MSC-BMP4,r02,0,1250,6
GBM626,3,MSC-BMP4,r03,0,1250,6
GBM626,3,MSC-BMP4,r04,0,1250,7
GBM626,3,MSC-BMP4,r05,0,1250,7
GBM626,3,MSC-BMP4,r06,0,1250,5
GBM626,3,MSC-BMP4,r07,0,1250,4
GBM626,3,MSC-BMP4,r08,0,1250,8
GBM626,3,MSC-BMP4,r09,0,1250,8
GBM626,3,MSC-BMP4,r10,0,1250,11
